KEYWORD,MSV FEB 2020,MSV MAR 2020,MSV APR 2020,MONTH TO MONTH TREND,CATEGORY,CONSUMER IMPACT
cleaning fruits and veggies,20,170,880,418%,Health - Hygiene - Food Washing,Health & Safety
the effects of isolation on mental health,10,30,140,367%,Health - Mental Health - Isolation,Health & Safety
does unemployment count as income for health insurance,10,30,110,267%,Health - Insurance - Unemployment,Financial Hardship
cdc alcohol guidelines,90,210,720,243%,Health - CDC - Information,Health & Safety
health insurance for unemployed college graduates,10,10,30,200%,Health - Insurance - Unemployment,Financial Hardship
what is the best health insurance for unemployed,10,10,30,200%,Health - Insurance - Question - Unemployment - Best,Financial Hardship
health insurance for unemployed adults,10,10,30,200%,Health - Insurance - Unemployment,Financial Hardship
health insurance unemployed reddit,20,10,30,200%,Health - Insurance - Unemployment,Financial Hardship
how to start yoga at home,480,210,590,181%,Wellness - Workout - Yoga - Question,Health & Safety
how do you get health insurance if you are unemployed,10,20,50,150%,Health - Insurance - Question - Unemployment,Financial Hardship
can you get health insurance without a job,210,90,210,133%,Health - Insurance - Question,Financial Hardship
things to think about when bored,140,170,390,129%,Health - Mental Health - Bored,Health & Safety
how to apply for health insurance when unemployed,10,20,40,100%,Health - Insurance - Question - Unemployment,Financial Hardship
getting health insurance while unemployed,10,20,40,100%,Health - Insurance - Unemployment,Financial Hardship
healthcare premiums increase,10,10,20,100%,Health - Insurance,Financial Hardship
are insurance companies backed by the government,10,10,20,100%,Health - Insurance - Question,Financial Hardship
how to afford health insurance when unemployed,10,10,20,100%,Health - Insurance - Question - Unemployment,Financial Hardship
what health insurance should i get if i am unemployed,10,10,20,100%,Health - Insurance - Question - Unemployment,Financial Hardship
unemployed health insurance cost,10,10,20,100%,Health - Insurance - Unemployment,Financial Hardship
can unemployed get health insurance,10,10,20,100%,Health - Insurance - Question - Unemployment,Financial Hardship
how can unemployed get health insurance,10,10,20,100%,Health - Insurance - Question - Unemployment,Financial Hardship
health insurance for someone on unemployment,10,10,20,100%,Health - Insurance - Unemployment,Financial Hardship
government health insurance for unemployed,10,10,20,100%,Health - Insurance - Unemployment,Financial Hardship
instacart supermarkets,10,110,210,91%,Health - Corona Virus,Health & Safety
health insurance premium increase,110,110,210,91%,Health - Insurance,Financial Hardship
corona infection,n/a,110,210,91%,Health - Coronavirus - Infection,Health & Safety
how often should you wash your body,210,170,320,88%,Health - Information - Question,Health & Safety
starting yoga at home,140,260,480,85%,Wellness - Workout - Yoga,Health & Safety
can you gain muscle without weights,260,320,590,84%,Wellness - Workout - Question,Health & Safety
yoga at home free,170,480,880,83%,Wellness - Workout - Yoga,Health & Safety
how to properly wash vegetables,210,720,"1,300",81%,Health - Hygiene - Food Washing - Question,Health & Safety
respiratory coronavirus,n/a,50,90,80%,Health - Coronavirus - Information,Health & Safety
free health insurance for unemployed,40,50,90,80%,Health - Insurance - Unemployment,Financial Hardship
affordable health insurance for unemployed,40,40,70,75%,Health - Insurance - Unemployment,Financial Hardship
do i need to wash my hands,10,40,70,75%,Health - Hygiene - Hand Washing - Question,Health & Safety
lost health insurance due to unemployment,10,40,70,75%,Health - Insurance - Unemployment,Financial Hardship
how do unemployed get health insurance,20,40,70,75%,Health - Insurance - Question - Unemployment,Financial Hardship
unemployed and no health insurance,30,30,50,67%,Health - Insurance - Unemployment,Financial Hardship
stress management strategies,"1,000","1,000","1,600",60%,Health - Mental Health - Stress,Health & Safety
best way to wash fruits and vegetables,260,"1,000","1,600",60%,Health - Hygiene - Food Washing - Best,Health & Safety
medical insurance for unemployed,390,"1,000","1,600",60%,Health - Insurance - Unemployment,Financial Hardship
recently unemployed health insurance,30,70,110,57%,Health - Insurance - Unemployment,Financial Hardship
cabin fever anxiety,20,90,140,56%,Health - Mental Health - Anxiety,Health & Safety
health insurance options for unemployed,90,210,320,52%,Health - Insurance - Unemployment,Financial Hardship
how to build leg muscle without weights,210,260,390,50%,Wellness - Workout - Question,Health & Safety
how to clean your vegetables,30,320,480,50%,Health - Hygiene - Food Washing - Question,Health & Safety
how to make disinfectant wipes at home,50,"4,400","6,600",50%,Health - Information - Question - Wipes,Health & Safety
stir crazy symptoms,50,480,720,50%,Health - Mental Health,Health & Safety
lost job health insurance,110,480,720,50%,Health - Insurance,Financial Hardship
best way to clean veggies,30,140,210,50%,Health - Hygiene - Food Washing - Best,Health & Safety
nyc unemployment health insurance,30,140,210,50%,Health - Insurance - Unemployment,Financial Hardship
how can viruses be prevented,90,140,210,50%,Health - Information - Question - Virus,Health & Safety
health insurance for unemployed 26 year old,10,20,30,50%,Health - Insurance - Unemployment,Financial Hardship
healthcare insurance for unemployed,10,20,30,50%,Health - Insurance - Unemployment,Financial Hardship
where to get health insurance if unemployed,10,20,30,50%,Health - Insurance - Unemployment,Financial Hardship
health insurance plans for unemployed,20,20,30,50%,Health - Insurance - Unemployment,Financial Hardship
number one way to prevent infection,30,20,30,50%,Health - Information,Health & Safety
clorox disinfecting spray,"3,600","110,000","165,000",50%,Health - Hygene - Home - Spray,Health & Safety
at home yoga workout,720,"2,400","3,600",50%,Wellness - Workout - Yoga,Health & Safety
yoga workout at home,720,"2,400","3,600",50%,Wellness - Workout - Yoga,Health & Safety
lysol disinfectant spray,"74,000","1,830,000","2,740,000",50%,Health - Hygene - Home - Spray,Health & Safety
veggie wash,"2,400","12,100","18,100",50%,Health - Hygiene - Food Washing,Health & Safety
lysol hydrogen peroxide,"3,600","12,100","18,100",50%,Health - Hygene - Home,Health & Safety
fruit and vegetable wash,"1,900","12,100","18,100",50%,Health - Hygiene - Food Washing,Health & Safety
lysol laundry disinfectant,"4,400","12,100","18,100",50%,Health - Hygene - Home,Health & Safety
disinfectant,"49,500","301,000","450,000",50%,Health - Hygene - Home,Health & Safety
lysol spray,"135,000","2,740,000","4,090,000",49%,Health - Hygene - Home - Spray,Health & Safety
losing health insurance,110,590,880,49%,Health - Insurance,Financial Hardship
mental health pandemic,30,880,"1,300",48%,Health - Mental Health,Health & Safety
stress management skills,"1,300",880,"1,300",48%,Health - Mental Health - Stress,Health & Safety
how to treat cabin fever,10,50,70,40%,Health - Mental Health - Question,Health & Safety
how to get health insurance while unemployed,20,50,70,40%,Health - Insurance - Question - Unemployment,Financial Hardship
health insurance for unemployed people,30,50,70,40%,Health - Insurance - Unemployment,Financial Hardship
i lost my job and need insurance,10,30,40,33%,Health - Insurance,Financial Hardship
can you get free health insurance if you are unemployed,10,30,40,33%,Health - Insurance - Question - Unemployment,Financial Hardship
cobra health insurance for unemployed,10,30,40,33%,Health - Insurance - Unemployment,Financial Hardship
keeping busy,320,"1,000","1,300",30%,Health - Mental Health,Health & Safety
full body workout without weights,480,"1,000","1,300",30%,Wellness - Workout,Health & Safety
exercise and stress,"1,000","1,000","1,300",30%,Health - Mental Health - Stress,Health & Safety
health insurance through unemployment,10,70,90,29%,Health - Insurance - Unemployment,Financial Hardship
unemployed no health insurance,40,70,90,29%,Health - Insurance - Unemployment,Financial Hardship
best health insurance for unemployed,50,110,140,27%,Health - Insurance - Unemployment - Best,Financial Hardship
unemployed need health insurance,70,110,140,27%,Health - Insurance - Unemployment,Financial Hardship
effects of isolation,"1,000","1,900","2,400",26%,Health - Mental Health - Isolation,Health & Safety
i m feeling bored,"1,600","1,900","2,400",26%,Health - Mental Health - Bored,Health & Safety
why is it important to wash your hands,390,"1,900","2,400",26%,Health - Hygiene - Hand Washing - Question,Health & Safety
strength training without weights,"1,000","1,900","2,400",26%,Health - Hygiene - Personal,Health & Safety
on unemployment and need health insurance,10,40,50,25%,Health - Insurance - Unemployment,Financial Hardship
cheap health insurance for unemployed,30,40,50,25%,Health - Insurance - Unemployment,Financial Hardship
upper body workout without weights,880,"2,900","3,600",24%,Wellness - Workout,Health & Safety
when did people start washing their hands,50,170,210,24%,Health - Hygiene - Hand Washing - Question,Health & Safety
how to deal with mental health,170,170,210,24%,Health - Mental Health - Question,Health & Safety
easy at home workouts without equipment,70,170,210,24%,Wellness - Workout,Health & Safety
healthy coping mechanisms for stress,390,390,480,23%,Health - Mental Health - Stress,Health & Safety
how to properly clean fruits and vegetables,70,260,320,23%,Health - Hygiene - Food Washing - Question,Health & Safety
feeling bored,720,"1,300","1,600",23%,Health - Mental Health - Bored,Health & Safety
isolation symptoms,210,390,480,23%,Health - Mental Health - Isolation,Health & Safety
i lost my health insurance now what,260,260,320,23%,Health - Insurance - Question,Financial Hardship
best sleep meditation app,480,480,590,23%,Health - Mental Health - Best,Health & Safety
how to clean vegetables,880,"6,600","8,100",23%,Health - Hygiene - Food Washing - Question,Health & Safety
i m bored what should i do,"3,600","4,400","5,400",23%,Health - Mental Health - Bored,Health & Safety
coping with stress,"4,400","4,400","5,400",23%,Health - Mental Health - Stress,Health & Safety
how to relieve anxiety,"6,600","6,600","8,100",23%,Health - Mental Health - Anxiety - Question,Health & Safety
fruit wash,"1,900","6,600","8,100",23%,Health - Hygiene - Food Washing,Health & Safety
lysol cleaner,"5,400","33,100","40,500",22%,Health - Hygiene,Health & Safety
disinfectant wipes,"90,500","2,240,000","2,740,000",22%,Health - Hygene - Home - Wipes,Health & Safety
relaxation techniques,"14,800","12,100","14,800",22%,Health - Mental Health,Health & Safety
how to clean,"18,100","12,100","14,800",22%,Health - Hygene - Home - Question,Health & Safety
how to relieve stress,"18,100","14,800","18,100",22%,Health - Mental Health - Stress - Question,Health & Safety
clorox disinfecting wipes,"18,100","673,000","823,000",22%,Health - Hygene - Home - Wipes,Health & Safety
cabin fever symptoms,720,"9,900","12,100",22%,Health - Mental Health,Health & Safety
exercises to lose weight fast at home without equipment,480,720,880,22%,Wellness - Workout,Health & Safety
how do you wash your fruits and vegetables,10,90,110,22%,Health - Hygiene - Food Washing - Question,Health & Safety
can i get health insurance if i am unemployed,30,90,110,22%,Health - Insurance - Question - Unemployment,Financial Hardship
leg workouts without weights,"2,400","3,600","4,400",22%,Wellness - Workout,Health & Safety
health insurance for unemployed,"2,900","9,900","12,100",22%,Health - Insurance - Unemployment,Financial Hardship
stress management techniques,"9,900","8,100","9,900",22%,Health - Mental Health - Stress,Health & Safety
health professionals,"4,400","5,400","6,600",22%,Health - Information,Health & Safety
things to do while bored,720,"3,600","4,400",22%,Health - Mental Health - Bored,Health & Safety
how to get rid of stress,"4,400","3,600","4,400",22%,Health - Mental Health - Stress - Question,Health & Safety
reduce stress,"8,100","5,400","6,600",22%,Health - Mental Health - Stress,Health & Safety
workout without equipment,"2,900","3,600","4,400",22%,Wellness - Workout,Health & Safety
i m bored what should i do on the internet,390,590,720,22%,Health - Mental Health - Bored,Health & Safety
how to manage stress and anxiety,720,590,720,22%,Health - Mental Health - Stress - Anxiety - Question,Health & Safety
learn yoga at home,320,590,720,22%,Wellness - Workout - Yoga,Health & Safety
disinfectant spray,"60,500","1,500,000","1,830,000",22%,Health - Hygene - Home - Spray,Health & Safety
how to get health insurance when unemployed,110,320,390,22%,Health - Insurance - Question - Unemployment,Financial Hardship
can stress cause anxiety,390,320,390,22%,Health - Mental Health - Stress - Anxiety,Health & Safety
how to make disinfectant wipes,260,"90,500","110,000",22%,Health - Information - Question - Wipes,Health & Safety
how to get health insurance if unemployed,50,140,170,21%,Health - Insurance - Question - Unemployment,Financial Hardship
stress relief activities,"2,900","2,400","2,900",21%,Health - Mental Health - Stress,Health & Safety
ways to cope with stress,"1,600","1,600","1,900",19%,Health - Mental Health - Stress,Health & Safety
relaxation exercises,"1,600","1,600","1,900",19%,Health - Mental Health,Health & Safety
stress relief exercises,"1,600","1,600","1,900",19%,Health - Mental Health - Stress,Health & Safety
ways to deal with stress,"1,900","1,600","1,900",19%,Health - Mental Health - Stress,Health & Safety
how to build muscle without weights,720,"1,600","1,900",19%,Wellness - Workout - Question,Health & Safety
build muscle without weights,"1,000","1,600","1,900",19%,Wellness - Workout,Health & Safety
stress and anxiety relief,"1,900","1,600","1,900",19%,Health - Mental Health - Stress - Anxiety,Health & Safety
how to gain muscle without weights,590,880,"1,000",14%,Wellness - Workout - Question,Health & Safety
relaxing activities,"1,000",880,"1,000",14%,Health - Mental Health,Health & Safety
something to do when your bored,720,880,"1,000",14%,Health - Mental Health - Bored,Health & Safety
how to wash the vegetables,10,10,10,0%,Health - Hygiene - Food Washing - Question,Health & Safety
how germs spread through hands,10,10,10,0%,Health - Hygiene - Hand Washing - Question - Germs,Health & Safety
effective workouts at home without equipment,10,10,10,0%,Wellness - Workout,Health & Safety
low cost health insurance for unemployed,10,10,10,0%,Health - Insurance - Unemployment,Financial Hardship
best way to clean floors,720,"1,000","1,000",0%,Health - Hygiene - Best,Health & Safety
unemployed health insurance reddit,30,40,40,0%,Health - Insurance - Unemployment,Financial Hardship
clean vegetables,480,"2,900","2,900",0%,Health - Hygiene - Food Washing,Health & Safety
how to manage stress,"8,100","6,600","6,600",0%,Health - Mental Health - Stress - Question,Health & Safety
how to make homemade disinfectant wipes,40,"8,100","8,100",0%,Health - Information - Question - Wipes,Health & Safety
how to cope with stress,"3,600","3,600","3,600",0%,Health - Mental Health - Stress - Question,Health & Safety
weight training without weights,260,720,720,0%,Wellness - Workout,Health & Safety
how to prevent infection,590,590,590,0%,Health - Hygiene - Personal - Question,Health & Safety
does isolation lead to depression,10,140,140,0%,Health - Mental Health - Isolation - Question,Health & Safety
how to relieve stress and anxiety,"2,400","2,400","2,400",0%,Health - Mental Health - Stress - Anxiety - Question,Health & Safety
exercise to reduce stress,590,880,880,0%,Health - Mental Health - Stress,Health & Safety
household disinfectants,"4,400","135,000","135,000",0%,Health - Hygiene,Health & Safety
best meditation app,"14,800","18,100","18,100",0%,Health - Mental Health - Best,Health & Safety
how to reduce anxiety,"8,100","9,900","9,900",0%,Health - Mental Health - Anxiety - Question,Health & Safety
signs of stress,"9,900","9,900","9,900",0%,Health - Mental Health - Stress,Health & Safety
how to wash vegetables,"1,300","8,100","8,100",0%,Health - Hygiene - Food Washing - Question,Health & Safety
best free meditation apps,"6,600","8,100","8,100",0%,Health - Mental Health - Best,Health & Safety
how to wash fruit,"1,600","6,600","6,600",0%,Health - Hygiene - Food Washing - Question,Health & Safety
how to clean produce,320,"4,400","4,400",0%,Health - Information - Question,Health & Safety
ways to reduce stress,"3,600","3,600","3,600",0%,Health - Mental Health - Stress,Health & Safety
how to properly wash fruit,390,"2,400","2,400",0%,Health - Hygiene - Food Washing - Question,Health & Safety
ways to reduce anxiety,"2,400","2,400","2,400",0%,Health - Mental Health - Anxiety,Health & Safety
strength training at home without equipment,590,"1,600","1,600",0%,Health - Hygiene - Personal,Health & Safety
anxiety techniques,"1,300","1,600","1,600",0%,Health - Mental Health - Anxiety,Health & Safety
social isolation and mental health,170,"1,300","1,300",0%,Health - Mental Health - Isolation,Health & Safety
can you build muscle without weights,390,"1,300","1,300",0%,Wellness - Workout - Question,Health & Safety
ways to relieve anxiety,"1,000","1,300","1,300",0%,Health - Mental Health - Anxiety,Health & Safety
feeling isolated,"1,000","1,300","1,300",0%,Health - Mental Health - Isolation,Health & Safety
why am i so bored,"1,300","1,300","1,300",0%,Health - Mental Health - Bored,Health & Safety
healthcare insurance companies,"1,000","1,000","1,000",0%,Health - Insurance,Financial Hardship
health insurance while unemployed,140,"1,000","1,000",0%,Health - Insurance - Unemployment,Financial Hardship
foods that reduce stress,"1,000","1,000","1,000",0%,Health - Mental Health - Stress,Health & Safety
best guided meditation app,"1,000","1,000","1,000",0%,Health - Mental Health - Best,Health & Safety
self quarantine unemployment,0,880,880,0%,Health - Quarantine,Health & Safety
cure cabin fever,140,880,880,0%,Health - Mental Health,Health & Safety
best way to clean vegetables,210,880,880,0%,Health - Hygiene - Food Washing - Best,Health & Safety
what to do when stressed,880,880,880,0%,Health - Mental Health - Stress,Health & Safety
how long can bacteria live,480,590,590,0%,Health - Information - Question,Health & Safety
ways to kill time,210,260,260,0%,Health - Mental Health,Health & Safety
health insurance new york cost,260,210,210,0%,Health - Insurance,Financial Hardship
what is the most effective way to stop viral infections,170,170,170,0%,Health - Information - Question,Health & Safety
unemployed and need health insurance,70,90,90,0%,Health - Insurance - Unemployment,Financial Hardship
stress affecting health,140,90,90,0%,Health - Mental Health - Stress,Health & Safety
how do i clean fruits and vegetables,10,70,70,0%,Health - Hygiene - Food Washing - Question,Health & Safety
unemployment health insurance cobra,10,50,50,0%,Health - Insurance - Unemployment,Financial Hardship
can i get health insurance if im unemployed,20,50,50,0%,Health - Insurance - Question - Unemployment,Financial Hardship
i lost my job and health insurance,10,40,40,0%,Health - Insurance,Financial Hardship
im unemployed and need health insurance,20,40,40,0%,Health - Insurance - Unemployment,Financial Hardship
i m unemployed and need health insurance,20,40,40,0%,Health - Insurance - Unemployment,Financial Hardship
i am unemployed and need health insurance,20,40,40,0%,Health - Insurance - Unemployment,Financial Hardship
what health insurance can i get if i am unemployed,20,30,30,0%,Health - Insurance - Question - Unemployment,Financial Hardship
health insurance premiums while unemployed,20,30,30,0%,Health - Insurance - Unemployment,Financial Hardship
healthcare insurance premiums,30,30,30,0%,Health - Insurance,Financial Hardship
how to stay safe in your home,10,20,20,0%,Health - Hygiene - Personal - Question,Health & Safety
disease control methods,10,20,20,0%,Health - Information,Health & Safety
how to keep workplace safe,10,20,20,0%,Health - Information - Question,Health & Safety
how to get health insurance if you re unemployed,10,20,20,0%,Health - Insurance - Question - Unemployment,Financial Hardship
where can i get health insurance if i am unemployed,10,20,20,0%,Health - Insurance - Question - Unemployment,Financial Hardship
health insurance germany unemployed,10,20,20,0%,Health - Insurance - Unemployment,Financial Hardship
safety at home and work,10,20,20,0%,Health - Mental Health - Work,Health & Safety
where to get health insurance when unemployed,10,20,20,0%,Health - Insurance - Question - Unemployment,Financial Hardship
basic workout without equipment,10,20,20,0%,Wellness - Workout,Health & Safety
how do i get health insurance if i am unemployed,10,20,20,0%,Health - Insurance - Question - Unemployment,Financial Hardship
health insurance when you re unemployed,10,20,20,0%,Health - Insurance - Question - Unemployment,Financial Hardship
heightened stress,10,20,20,0%,Health - Mental Health - Stress,Health & Safety
health insurance for unemployed individuals,20,20,20,0%,Health - Insurance - Unemployment,Financial Hardship
how much is health insurance if you are unemployed,20,20,20,0%,Health - Insurance - Question - Unemployment,Financial Hardship
doctor insurance premiums,0,10,10,0%,Health - Insurance,Financial Hardship
how much are insurance premiums going up,0,10,10,0%,Health - Insurance - Question,Financial Hardship
how to buy health insurance if unemployed,0,10,10,0%,Health - Insurance - Question - Unemployment,Financial Hardship
how do unemployed get health insurance under obamacare,0,10,10,0%,Health - Insurance - Question - Unemployment,Financial Hardship
i need medical insurance unemployed,0,10,10,0%,Health - Insurance - Unemployment,Financial Hardship
is there health insurance for the unemployed,0,10,10,0%,Health - Insurance - Unemployment - Question,Financial Hardship
health care insurance for unemployed,0,10,10,0%,Health - Insurance - Unemployment,Financial Hardship
whats happening in healthcare,10,10,10,0%,Health - Information - Question,Health & Safety
protection requirements,10,10,10,0%,Health - Hygiene - Personal,Health & Safety
how long can cold germs live on clothes,10,10,10,0%,Health - Hygiene - Home - Question - Germs,Health & Safety
how can the spread of disease be prevented,10,10,10,0%,Health - Information - Question,Health & Safety
symptoms information,10,10,10,0%,Health - Coronavirus - Symptoms,Health & Safety
ways to avoid exposure to infection,10,10,10,0%,Health - Hygiene,Health & Safety
how many germs are on my cell phone,10,10,10,0%,Health - Hygiene - Phone - Germs - Question,Health & Safety
personal hygiene advice,10,10,10,0%,Health - Hygiene,Health & Safety
medical health guide,10,10,10,0%,Health - Information,Health & Safety
family and home hygiene,10,10,10,0%,Health - Hygiene,Health & Safety
how can we prevent viral diseases,10,10,10,0%,Health - Information - Question,Health & Safety
how can you prevent viral diseases,10,10,10,0%,Health - Information - Question,Health & Safety
how to keep disease away,10,10,10,0%,Health - Information - Question,Health & Safety
how can you prevent the spread of disease,10,10,10,0%,Health - Information - Question,Health & Safety
what can be done to stop the spread of viruses,10,10,10,0%,Health - Information - Question - Virus,Health & Safety
health insurance rate rise,10,10,10,0%,Health - Insurance,Financial Hardship
are health insurance rates going up,10,10,10,0%,Health - Insurance - Question,Financial Hardship
better insurance coverage,10,10,10,0%,Health - Insurance,Financial Hardship
just lost my health insurance,10,10,10,0%,Health - Insurance,Financial Hardship
when should you wash your hands twice,10,10,10,0%,Health - Hygiene - Hand Washing - Question,Health & Safety
how long is effective hand washing,10,10,10,0%,Health - Hygiene - Hand Washing - Question,Health & Safety
hand washing to prevent spread of infection,10,10,10,0%,Health - Hygiene - Hand Washing,Health & Safety
how can i get health insurance if i am unemployed,10,10,10,0%,Health - Insurance - Question - Unemployment,Financial Hardship
can i get free health insurance if i am unemployed,10,10,10,0%,Health - Insurance - Question - Unemployment,Financial Hardship
unemployed can t afford health insurance,10,10,10,0%,Health - Insurance - Question - Unemployment,Financial Hardship
how to get health insurance when you are unemployed,10,10,10,0%,Health - Insurance - Question - Unemployment,Financial Hardship
best way to clean dirty hands,10,10,10,0%,Health - Hygiene - Hand Washing - Best,Health & Safety
do flu germs live on fabric,10,10,10,0%,Health - Hygiene - Home - Flu - Germs,Health & Safety
do cold germs live on clothing,10,10,10,0%,Health - Hygiene - Home - Germs,Health & Safety
stressing yourself sick,10,10,10,0%,Health - Mental Health - Stress,Health & Safety
feeling like your going crazy,10,10,10,0%,Health - Mental Health,Health & Safety
best way to get health insurance when unemployed,10,10,10,0%,Health - Insurance - Question - Unemployment - Best,Financial Hardship
what if i am unemployed and need health insurance,10,10,10,0%,Health - Insurance - Question - Unemployment,Financial Hardship
i am unemployed how do i get health insurance,10,10,10,0%,Health - Insurance - Question - Unemployment,Financial Hardship
affordable health insurance for unemployed individuals,10,10,10,0%,Health - Insurance - Unemployment,Financial Hardship
easy exercises at home without equipment,10,10,10,0%,Wellness - Workout,Health & Safety
health insurance programs for unemployed,10,10,10,0%,Health - Insurance - Unemployment,Financial Hardship
best workout routine for beginners without equipment,10,10,10,0%,Wellness - Workout - Best,Health & Safety
best workout program without equipment,10,10,10,0%,Wellness - Workout - Best,Health & Safety
how to obtain health insurance if unemployed,10,10,10,0%,Health - Insurance - Question - Unemployment,Financial Hardship
exercise program without weights,10,10,10,0%,Wellness - Workout,Health & Safety
what health insurance is available for the unemployed,10,10,10,0%,Health - Insurance - Question - Unemployment,Financial Hardship
health insurance penalty if unemployed,10,10,10,0%,Health - Insurance - Unemployment,Financial Hardship
health insurance unemployed germany,10,10,10,0%,Health - Insurance - Unemployment,Financial Hardship
health insurance for unemployed young adults,10,10,10,0%,Health - Insurance - Unemployment,Financial Hardship
health insurance for unemployed single mothers,10,10,10,0%,Health - Insurance - Unemployment,Financial Hardship
how to treat social isolation,10,10,10,0%,Health - Mental Health - Isolation - Question,Health & Safety
feel isolated from everyone,10,10,10,0%,Health - Mental Health - Isolation,Health & Safety
do i need health insurance if i am unemployed,10,10,10,0%,Health - Insurance - Unemployment - Question,Financial Hardship
short term health insurance for unemployed,10,10,10,0%,Health - Insurance - Unemployment,Financial Hardship
unemployed affordable health insurance,10,10,10,0%,Health - Insurance - Unemployment,Financial Hardship
unemployed but need health insurance,10,10,10,0%,Health - Insurance - Unemployment,Financial Hardship
unemployed no health insurance penalty,10,10,10,0%,Health - Insurance - Unemployment,Financial Hardship
how to combat mental health,10,10,10,0%,Health - Mental Health - Question,Health & Safety
health insurance for unemployed pregnant,10,10,10,0%,Health - Insurance - Unemployment,Financial Hardship
health and dental insurance for unemployed,10,10,10,0%,Health - Insurance - Unemployment,Financial Hardship
how do you deal with stress and anxiety,10,10,10,0%,Health - Mental Health - Stress - Anxiety - Question,Health & Safety
stress and anxiety information,10,10,10,0%,Health - Mental Health - Stress - Anxiety,Health & Safety
unemployed health insurance penalty,10,10,10,0%,Health - Insurance - Unemployment,Financial Hardship
unemployed health insurance deduction,10,10,10,0%,Health - Insurance - Unemployment,Financial Hardship
do you have to have health insurance if unemployed,10,10,10,0%,Health - Insurance - Unemployment,Financial Hardship
affordable health insurance plans for unemployed,10,10,10,0%,Health - Insurance - Unemployment,Financial Hardship
do you need health insurance if unemployed,10,10,10,0%,Health - Insurance - Unemployment,Financial Hardship
how to work when you have kids,10,10,10,0%,Health - Mental Health - Work - Question,Health & Safety
health insurance coverage for unemployed,10,10,10,0%,Health - Insurance - Unemployment,Financial Hardship
health insurance for individuals who are unemployed,10,10,10,0%,Health - Insurance - Unemployment,Financial Hardship
health insurance for unemployed college students,10,10,10,0%,Health - Insurance - Unemployment,Financial Hardship
health insurance for someone unemployed,10,10,10,0%,Health - Insurance - Unemployment,Financial Hardship
applying for health insurance unemployed,10,10,10,0%,Health - Insurance - Unemployment,Financial Hardship
group health insurance for unemployed,10,10,10,0%,Health - Insurance - Unemployment,Financial Hardship
free health insurance for unemployed nyc,10,10,10,0%,Health - Insurance - Unemployment,Financial Hardship
how long do cold germs last on fabric,20,10,10,0%,Health - Hygiene - Home - Question - Germs,Health & Safety
how can i prevent myself from getting sick,20,10,10,0%,Health - Information - Question,Health & Safety
how to get flu germs out of the house,20,10,10,0%,Health - Hygiene - Personal - Flu - Question - Germs,Health & Safety
coronavirus symptoms in babies,n/a,70,70,0%,Health - Coronavirus - Symptoms,Health & Safety
coronavirus infection symptoms,n/a,70,70,0%,Health - Coronavirus - Symptoms,Health & Safety
coronavirus symptoms rash,n/a,20,20,0%,Health - Coronavirus - Symptoms,Health & Safety
corona fever symptoms,n/a,20,20,0%,Health - Coronavirus - Symptoms,Health & Safety
coronavirus age,n/a,70,70,0%,Health - Coronavirus - Information - People,Health & Safety
cdc coronavirus isolation precautions,n/a,880,880,0%,Health - Coronavirus - CDC - Isolation,Health & Safety
coronavirus how it spreads,n/a,260,260,0%,Health - Coronavirus - Question,Health & Safety
what are the symptoms of coronavirus,n/a,"6,600","6,600",0%,Health - Coronavirus - Symptoms - Question,Health & Safety
what are the signs and symptoms of coronavirus,n/a,720,720,0%,Health - Coronavirus - Symptoms - Question,Health & Safety
coronavirus disease symptoms,n/a,40,40,0%,Health - Coronavirus - Symptoms,Health & Safety
coronavirus causes what disease,n/a,90,90,0%,Health - Coronavirus - Question,Health & Safety
coronavirus elderly,n/a,40,40,0%,Health - Coronavirus - Information - People,Health & Safety
coronavirus symptoms timeline,n/a,50,50,0%,Health - Coronavirus - Symptoms,Health & Safety
coronavirus symptoms humans,n/a,90,90,0%,Health - Coronavirus - Symptoms,Health & Safety
how to fight coronavirus,n/a,170,170,0%,Health - Coronavirus - Question,Health & Safety
coronavirus signs and symptoms,n/a,"1,600","1,600",0%,Health - Coronavirus - Symptoms,Health & Safety
coronavirus in kids,n/a,260,260,0%,Health - Coronavirus - Information - People,Health & Safety
corona symptoms,n/a,"9,900","9,900",0%,Health - Coronavirus - Symptoms,Health & Safety
virus symptoms,n/a,"9,900","9,900",0%,Health - Coronavirus - Symptoms,Health & Safety
coronavirus in toddlers,n/a,70,70,0%,Health - Coronavirus - Information - People,Health & Safety
coronavirus symptoms cure,n/a,50,50,0%,Health - Coronavirus - Symptoms,Health & Safety
corona vaccine,n/a,"2,900","2,900",0%,Health - Coronavirus - Vaccine,Health & Safety
coronavirus flights,n/a,110,110,0%,Health - Coronavirus - Information,Health & Safety
how effective is n95 mask,n/a,20,20,0%,Health - Coronavirus - Mask - n95 - Question,Health & Safety
how long can n95 mask be worn,n/a,10,10,0%,Health - Coronavirus - Mask - n95 - Question,Health & Safety
how long can an n95 mask be worn,n/a,10,10,0%,Health - Coronavirus - Mask - n95 - Question,Health & Safety
corona virus details,n/a,210,210,0%,Health - Coronavirus - Information,Health & Safety
coronavirus global map,n/a,210,210,0%,Health - Coronavirus - Information,Health & Safety
corona virus update news,n/a,320,320,0%,Health - Coronavirus - News,Health & Safety
coronavirus breaking news,n/a,390,390,0%,Health - Coronavirus - News,Health & Safety
coronavirus food,n/a,140,140,0%,Health - Coronavirus - Information,Health & Safety
coronavirus economic impact,n/a,170,170,0%,Health - Coronavirus - Information,Financial Hardship
coronavirus mask effectiveness,n/a,30,30,0%,Health - Coronavirus - Masks,Health & Safety
how long can n95 mask last,n/a,20,20,0%,Health - Coronavirus - Mask - n95 - Question,Health & Safety
how often should you change n95 mask,n/a,30,30,0%,Health - Coronavirus - Mask - n95 - Question,Health & Safety
coronavirus is it curable,n/a,50,50,0%,Health - Coronavirus - Information,Health & Safety
coronavirus faq,n/a,50,50,0%,Health - Coronavirus - Information,Health & Safety
can coronavirus be stopped,n/a,50,50,0%,Health - Coronavirus - Information - Question,Health & Safety
3m n95 mask,n/a,"60,500","60,500",0%,Health - Coronavirus - Mask - n95,Health & Safety
n95 respirator,n/a,"74,000","74,000",0%,Health - Coronavirus - Mask - n95,Health & Safety
coronavirus evolution,n/a,50,50,0%,Health - Coronavirus - Information,Health & Safety
coronavirus travel,n/a,390,390,0%,Health - Coronavirus - Information - Travel,Health & Safety
coronavirus antibody,n/a,50,50,0%,Health - Coronavirus - Information,Health & Safety
coronavirus and travel,n/a,140,140,0%,Health - Coronavirus - Information - Travel,Health & Safety
n95 mask,n/a,"368,000","368,000",0%,Health - Coronavirus - Mask - n95,Health & Safety
coronavirus treatment humans,n/a,140,140,0%,Health - Coronavirus - Information - Treatment,Health & Safety
coronavirus death toll us,n/a,30,30,0%,Health - Coronavirus - Information,Health & Safety
n95 mask how long can be used,n/a,"1,900","1,900",0%,Health - Coronavirus - Mask - n95 - Question,Health & Safety
children's n95 mask,n/a,"1,600","1,600",0%,Health - Coronavirus - Mask - n95,Health & Safety
coronavirus forecast,n/a,110,110,0%,Health - Coronavirus - Information,Health & Safety
how long do n95 masks last,n/a,590,590,0%,Health - Coronavirus - Mask - n95 - Question,Health & Safety
how to clean n95 mask,n/a,90,90,0%,Health - Coronavirus - Mask - n95 - Question,Health & Safety
how to wear n95 mask,n/a,590,590,0%,Health - Coronavirus - Mask - n95 - Question,Health & Safety
n95 medical mask,n/a,"33,100","33,100",0%,Health - Coronavirus - Mask - n95,Health & Safety
coronavirus growth rate,n/a,110,110,0%,Health - Coronavirus - Information,Health & Safety
coronavirus vs pneumonia,n/a,30,30,0%,Health - Coronavirus - Information,Health & Safety
n95 respirator mask,n/a,"49,500","49,500",0%,Health - Coronavirus - Mask - n95,Health & Safety
n95 face mask,n/a,"40,500","40,500",0%,Health - Coronavirus - Mask - n95,Health & Safety
coronavirus length of illness,n/a,90,90,0%,Health - Coronavirus - Information,Health & Safety
how is coronavirus transmitted,n/a,"2,900","2,900",0%,Health - Coronavirus - Question,Health & Safety
coronavirus in babies,n/a,880,880,0%,Health - Coronavirus - Information - People,Health & Safety
human coronavirus treatment,n/a,140,140,0%,Health - Coronavirus - Treatment,Health & Safety
coronavirus us cases,n/a,"5,400","5,400",0%,Health - Coronavirus - Information,Health & Safety
coronavirus updates,n/a,"90,500","90,500",0%,Health - Coronavirus - Information,Health & Safety
coronavirus latest death toll,n/a,50,50,0%,Health - Coronavirus - Test,Health & Safety
coronavirus travel ban,n/a,480,480,0%,Health - Coronavirus - Information - Travel,Health & Safety
how to cure coronavirus,n/a,720,720,0%,Health - Coronavirus - Question,Health & Safety
coronavirus live map,n/a,"2,900","2,900",0%,Health - Coronavirus - Information,Health & Safety
test for coronavirus,n/a,720,720,0%,Health - Coronavirus - Test,Health & Safety
corona flu virus symptoms,n/a,260,260,0%,Health - Coronavirus - Flu - Symptoms,Health & Safety
coronavirus vs regular flu,n/a,30,30,0%,Health - Coronavirus - Flu,Health & Safety
coronavirus in children,n/a,260,260,0%,Health - Coronavirus - Information - People,Health & Safety
coronavirus respiratory infection,n/a,70,70,0%,Health - Coronavirus - Infection,Health & Safety
coronavirus how deadly,n/a,320,320,0%,Health - Coronavirus - Question,Health & Safety
coronavirus in nyc,n/a,"1,600","1,600",0%,Health - Coronavirus - Information - People,Health & Safety
coronavirus united states cases,n/a,480,480,0%,Health - Coronavirus - Information,Health & Safety
coronavirus mortality,n/a,480,480,0%,Health - Coronavirus - Information,Health & Safety
coronavirus states,n/a,480,480,0%,Health - Coronavirus - Information,Health & Safety
how long does the coronavirus last,n/a,"1,000","1,000",0%,Health - Coronavirus - Question,Health & Safety
coronavirus up to date,n/a,320,320,0%,Health - Coronavirus - Information,Health & Safety
how is the coronavirus transmitted,n/a,"1,900","1,900",0%,Health - Coronavirus - Question,Health & Safety
coronavirus today,n/a,590,590,0%,Health - Coronavirus - Information,Health & Safety
coronavirus recovery,n/a,590,590,0%,Health - Coronavirus - Information,Health & Safety
is there a vaccine for coronavirus,n/a,"1,300","1,300",0%,Health - Coronavirus - Vaccine - Question,Health & Safety
coronavirus locations,n/a,"2,900","2,900",0%,Health - Coronavirus - Information,Health & Safety
coronavirus disease,n/a,590,590,0%,Health - Coronavirus - Information,Health & Safety
coronavirus projections,n/a,880,880,0%,Health - Coronavirus - Information,Health & Safety
coronavirus in america,n/a,"1,600","1,600",0%,Health - Coronavirus - Information,Health & Safety
coronavirus or flu,n/a,110,110,0%,Health - Coronavirus - Flu,Health & Safety
how to entertain yourself,590,880,880,0%,Health - Mental Health - Question,Health & Safety
sanitize washing machine,880,"1,600","1,600",0%,Health - Hygene - Home - Santizer,Health & Safety
how to use lysol laundry sanitizer,"1,600","2,400","2,400",0%,Health - Hygene - Home - Santizer - Question,Health & Safety
how to handle stress,"2,900","2,400","2,400",0%,Health - Mental Health - Stress - Question,Health & Safety
how to stop stress,"2,900","2,400","2,400",0%,Health - Mental Health - Stress - Question,Health & Safety
loneliness and isolation,480,590,590,0%,Health - Mental Health - Isolation,Health & Safety
relieving anxiety,590,590,590,0%,Health - Mental Health - Anxiety,Health & Safety
stress control,720,590,590,0%,Health - Mental Health - Stress,Health & Safety
stress management,"27,100","22,200","22,200",0%,Health - Mental Health - Stress,Health & Safety
how to reduce stress,"12,100","9,900","9,900",0%,Health - Mental Health - Stress - Question,Health & Safety
how to deal with stress,"12,100","8,100","8,100",0%,Health - Mental Health - Stress - Question,Health & Safety
at home workouts without weights,590,"5,400","5,400",0%,Wellness - Workout,Health & Safety
home cleaning,"49,500","49,500","49,500",0%,Health - Hygene - Home,Health & Safety
how to make hand sanitizer without alcohol,70,"9,900","9,900",0%,Health - Hygene - Sanitizer - Question,Health & Safety
back workouts without weights,720,"3,600","3,600",0%,Wellness - Workout,Health & Safety
emotional isolation,720,720,720,0%,Health - Mental Health - Isolation,Health & Safety
vegetable wash,"2,900","14,800","14,800",0%,Health - Hygiene - Food Washing,Health & Safety
cure for boredom,720,"1,300","1,300",0%,Health - Mental Health - Bored,Health & Safety
getting bored,480,"1,300","1,300",0%,Health - Mental Health - Bored,Health & Safety
how to do yoga at home,880,"1,300","1,300",0%,Wellness - Workout - Yoga - Question,Health & Safety
calming techniques,"1,300","1,300","1,300",0%,Health - Mental Health,Health & Safety
what to do to pass time,260,390,390,0%,Health - Mental Health - Bored,Health & Safety
medical insurance jobs,390,260,260,0%,Health - Insurance,Financial Hardship
health guidelines,210,390,390,0%,Health - Information,Health & Safety
cope mental health,320,390,390,0%,Health - Mental Health,Health & Safety
what can i do when i m bored,140,260,260,0%,Health - Mental Health - Bored,Health & Safety
ways to relax,"1,900","1,900","1,900",0%,Health - Mental Health,Health & Safety
how to not stress,"2,900","1,900","1,900",0%,Health - Mental Health - Stress - Question,Health & Safety
ways to destress,"2,400","1,900","1,900",0%,Health - Mental Health - Stress,Health & Safety
how to clean my home,40,30,30,0%,Health - Information - Question,Health & Safety
avoid boredom,20,50,50,0%,Health - Mental Health - Bored,Health & Safety
health insurance coverage,"3,600","1,300","1,300",0%,Health - Insurance,Financial Hardship
how to relax,"14,800","9,900","9,900",0%,Health - Mental Health - Question,Health & Safety
nothing to do,"1,300","1,600","1,600",0%,Health - Mental Health,Health & Safety
how to stop worrying,"6,600","4,400","4,400",0%,Health - Mental Health - Question,Health & Safety
how to relax your mind,"6,600","4,400","4,400",0%,Health - Mental Health - Question,Health & Safety
exercises without equipment,"1,300","2,400","2,400",0%,Wellness - Workout,Health & Safety
insurance plans,"3,600","2,400","2,400",0%,Health - Insurance,Financial Hardship
how to release stress,"2,400","1,900","1,900",0%,Health - Mental Health - Stress - Question,Health & Safety
how to build muscle at home without equipment,260,"1,000","1,000",0%,Wellness - Workout - Question,Health & Safety
why should you wash your hands,390,"1,000","1,000",0%,Health - Hygiene - Hand Washing - Question,Health & Safety
stuff to do when you are bored,590,"1,000","1,000",0%,Health - Mental Health - Bored,Health & Safety
full body workout without equipment,390,590,590,0%,Wellness - Workout,Health & Safety
best way to clean,720,590,590,0%,Health - Hygiene - Best,Health & Safety
meditation to reduce stress,880,590,590,0%,Health - Mental Health - Stress,Health & Safety
best workout routine without equipment,30,40,40,0%,Wellness - Workout - Best,Health & Safety
stress relief,"60,500","40,500","40,500",0%,Health - Mental Health - Stress,Health & Safety
antibacterial spray,"6,600","49,500","49,500",0%,Health - Hygene - Home - Spray,Health & Safety
how to clean your home,210,260,260,0%,Health - Information - Question,Health & Safety
things to make when your bored,"1,900","2,900","2,900",0%,Health - Mental Health - Bored,Health & Safety
house tips,260,110,110,0%,Health - Hygiene - Home - Information,Health & Safety
how to start working out at home without equipment,10,10,10,0%,Wellness - Workout - Question,Health & Safety
good workout routine without equipment,30,20,20,0%,Wellness - Workout,Health & Safety
home exercise without any equipment,10,10,10,0%,Wellness - Workout,Health & Safety
how to get stronger without weights,590,390,390,0%,Wellness - Workout - Weights - Question,Health & Safety
bleach spray,"5,400","14,800","14,800",0%,Health - Hygene - Home - Spray,Health & Safety
exercise indoors without exercise equipment,10,10,10,0%,Wellness - Workout,Health & Safety
the symptoms of the coronavirus,"3,600","18,100","18,100",0%,Health - Coronavirus - Symptoms,Health & Safety
what happens when you get the coronavirus,"6,600","14,800","14,800",0%,Health - Coronavirus - Question,Health & Safety
how to prevent getting coronavirus,"5,400","9,900","9,900",0%,Health - Coronavirus - Question,Health & Safety
coronavirus symptoms vs common cold,720,"9,900","9,900",0%,Health - Coronavirus - Symptoms,Health & Safety
coronavirus home remedies,"1,300","14,800","14,800",0%,Health - Coronavirus - Information,Health & Safety
coronavirus children,"33,100","246,000","246,000",0%,Health - Coronavirus - Information - People,Health & Safety
facts about the coronavirus,"8,100","49,500","49,500",0%,Health - Coronavirus - Information,Health & Safety
how to stop coronavirus,"9,900","49,500","49,500",0%,Health - Coronavirus - Question,Health & Safety
symptoms for coronavirus,"27,100","135,000","135,000",0%,Health - Coronavirus - Symptoms,Health & Safety
cure for the coronavirus,"6,600","27,100","27,100",0%,Health - Coronavirus - Information,Health & Safety
how to prevent coronavirus,"74,000","165,000","165,000",0%,Health - Coronavirus - Question,Health & Safety
precautions against coronavirus,"1,000","1,900","1,900",0%,Health - Coronavirus - Information,Health & Safety
how to protect yourself from coronavirus,"27,100","49,500","49,500",0%,Health - Coronavirus - Protection - Question,Health & Safety
how close are we to curing coronavirus,880,"1,600","1,600",0%,Health - Coronavirus - Question,Health & Safety
can the coronavirus be treated,"1,900","1,900","1,900",0%,Health - Coronavirus - Treatment - Question,Health & Safety
lysol coronavirus,"110,000","110,000","110,000",0%,Health - Hygene - Home,Health & Safety
coronavirus how to protect,"1,000",480,480,0%,Health - Coronavirus - Protection - Question,Health & Safety
benefits of washing hands,480,"1,000",880,-12%,Health - Hygiene - Hand Washing,Health & Safety
how does bacteria spread,480,"1,000",880,-12%,Health - Information - Question,Health & Safety
yoga practice at home,"1,300","1,000",880,-12%,Wellness - Workout - Yoga,Health & Safety
why is washing your hands important,320,"1,900","1,600",-16%,Health - Hygiene - Hand Washing - Question,Health & Safety
exercises without weights,880,"1,900","1,600",-16%,Wellness - Workout,Health & Safety
healthcare facilities,"1,300","1,900","1,600",-16%,Health - Information,Health & Safety
what can you do when your bored,"1,300","1,900","1,600",-16%,Health - Mental Health - Bored,Health & Safety
how do germs spread,720,"1,900","1,600",-16%,Health - Hygiene - Question - Germs,Health & Safety
how to sterilize,880,"2,900","2,400",-17%,Health - Hygene - Home - Question,Health & Safety
social isolation effects,880,"2,900","2,400",-17%,Health - Mental Health - Isolation,Health & Safety
back exercises without weights,590,"2,900","2,400",-17%,Wellness - Workout,Health & Safety
protect yourself,"1,900","2,900","2,400",-17%,Health - Hygiene - Personal,Health & Safety
does dish soap kill germs,210,"2,900","2,400",-17%,Health - Hygiene - Hand Washing - Germs,Health & Safety
yoga for beginners at home,"1,600","2,900","2,400",-17%,Wellness - Workout - Yoga,Health & Safety
cleaning and disinfection,390,"2,900","2,400",-17%,Health - Hygiene - Home,Health & Safety
most effective way to prevent infection,90,170,140,-18%,Health - Hygiene - Personal,Health & Safety
fun stress relieving activities,390,390,320,-18%,Health - Mental Health - Stress,Health & Safety
how to stay busy,260,390,320,-18%,Health - Mental Health - Question,Health & Safety
lysol wipes,"90,500","1,830,000","1,500,000",-18%,Health - Hygene - Home - Wipes,Health & Safety
ways to pass time,390,720,590,-18%,Health - Mental Health - Bored,Health & Safety
what to do when i m bored,390,720,590,-18%,Health - Mental Health - Bored,Health & Safety
how to make your own disinfectant wipes,140,"27,100","22,200",-18%,Health - Hygene - Sanitizer - Question - Wipes,Health & Safety
coronavirus symptoms vs allergies,0,"33,100","27,100",-18%,Health - Coronavirus - Symptoms,Health & Safety
antimicrobial spray,"1,000","4,400","3,600",-18%,Health - Hygiene - Spray,Health & Safety
does vinegar kill bacteria,"1,900","9,900","8,100",-18%,Health - Hygiene,Health & Safety
health insurance premium,"9,900","9,900","8,100",-18%,Health - Insurance,Financial Hardship
how to wash produce,720,"6,600","5,400",-18%,Health - Hygiene - Hand Washing - Question,Health & Safety
at home workout plan without equipment,"1,000","6,600","5,400",-18%,Wellness - Workout,Health & Safety
going stir crazy,320,"4,400","3,600",-18%,Health - Mental Health,Health & Safety
phone soap spray,20,110,90,-18%,Health - Hygiene - Hand Washing - Phone - Spray,Health & Safety
how does soap kill bacteria,170,880,720,-18%,Health - Hygiene - Hand Washing - Question,Health & Safety
ease anxiety,590,880,720,-18%,Health - Mental Health - Anxiety,Health & Safety
workout without weights,"2,400","6,600","5,400",-18%,Wellness - Workout,Health & Safety
living in isolation,590,880,720,-18%,Health - Mental Health - Isolation,Health & Safety
home workouts without equipment,"9,900","9,900","8,100",-18%,Wellness - Workout,Health & Safety
coronavirus diagnosis,"12,100","18,100","14,800",-18%,Health - Coronavirus - Information,Health & Safety
house cleaning,"110,000","90,500","74,000",-18%,Health - Hygene - Home,Health & Safety
yoga at home,"12,100","14,800","12,100",-18%,Wellness - Workout - Yoga,Health & Safety
health insurance cost,"6,600","5,400","4,400",-19%,Health - Insurance,Financial Hardship
what are the effects of the coronavirus,"4,400","8,100","6,600",-19%,Health - Coronavirus - Question,Health & Safety
fear of isolation,260,480,390,-19%,Health - Mental Health - Isolation,Health & Safety
feeling isolated and separated from everyone else,210,320,260,-19%,Health - Mental Health - Isolation,Health & Safety
what to do if you are bored,880,"1,600","1,300",-19%,Health - Mental Health - Bored,Health & Safety
how to cure boredom,880,"1,600","1,300",-19%,Health - Mental Health - Bored - Question,Health & Safety
best ways to relax,590,480,390,-19%,Health - Mental Health - Best,Health & Safety
how to reduce stress at work,720,480,390,-19%,Health - Mental Health - Stress - Question,Health & Safety
clean home,"1,900","1,600","1,300",-19%,Health - Hygene - Home,Health & Safety
home exercises without equipment,480,"1,600","1,300",-19%,Wellness - Workout,Health & Safety
stop worrying,"2,400","1,600","1,300",-19%,Health - Mental Health,Health & Safety
best hygiene practices,50,210,170,-19%,Health - Hygiene - Best,Health & Safety
health insurance if unemployed,70,210,170,-19%,Health - Insurance - Unemployment,Financial Hardship
health insurance after losing job,90,210,170,-19%,Health - Insurance,Financial Hardship
minimum handwashing time,170,210,170,-19%,Health - Hygiene - Hand Washing,Health & Safety
workout plan without weights,110,260,210,-19%,Wellness - Workout,Health & Safety
workout plans without weights,110,260,210,-19%,Wellness - Workout,Health & Safety
what do i do when i m bored,110,260,210,-19%,Health - Mental Health - Bored,Health & Safety
phenolic disinfectant,"1,000","3,600","2,900",-19%,Health - Hygiene,Health & Safety
healthcare news,"5,400","3,600","2,900",-19%,Health - Information,Health & Safety
what to do if your bored,"2,400","3,600","2,900",-19%,Health - Mental Health - Bored,Health & Safety
full body workout at home without equipment,480,"2,400","1,900",-21%,Wellness - Workout,Health & Safety
temporary health insurance between jobs,260,140,110,-21%,Health - Insurance,Financial Hardship
healthcare updates,70,90,70,-22%,Health - Information,Health & Safety
best home workout without equipment,210,"1,300","1,000",-23%,Wellness - Workout - Best,Health & Safety
healthcare premium,"1,600","1,300","1,000",-23%,Health - Information,Health & Safety
best at home yoga,390,"1,300","1,000",-23%,Wellness - Workout - Yoga - Best,Health & Safety
things to do to pass time,590,"1,300","1,000",-23%,Health - Mental Health - Bored,Health & Safety
how to wash vegetables and fruits properly,10,40,30,-25%,Health - Hygiene - Food Washing - Question,Health & Safety
avoid isolation,10,40,30,-25%,Health - Mental Health - Isolation,Health & Safety
best workouts to do at home without equipment,10,40,30,-25%,Wellness - Workout - Best,Health & Safety
how to get out of isolation,70,40,30,-25%,Health - Mental Health - Isolation - Question,Health & Safety
avoiding contact with others,10,40,30,-25%,Health - Mental Health,Health & Safety
how to stop isolating yourself,170,40,30,-25%,Health - Mental Health - Isolation - Question,Health & Safety
i am unemployed and have no health insurance,10,70,50,-29%,Health - Insurance - Unemployment,Financial Hardship
exercise routine without weights,20,70,50,-29%,Wellness - Workout,Health & Safety
how to get health insurance if you are unemployed,40,70,50,-29%,Health - Insurance - Question - Unemployment,Financial Hardship
staying home all day doing nothing,40,70,50,-29%,Health - Mental Health,Health & Safety
emergency health insurance plans,50,70,50,-29%,Health - Insurance,Financial Hardship
unemployment and health insurance,50,"1,900","1,300",-32%,Health - Insurance - Unemployment,Financial Hardship
does the dryer kill germs,720,"1,900","1,300",-32%,Health - Hygiene - Germs,Health & Safety
when should you wash your hands,720,"1,900","1,300",-32%,Health - Hygiene - Hand Washing - Question,Health & Safety
why is handwashing important,720,"1,900","1,300",-32%,Health - Hygiene - Hand Washing - Question,Health & Safety
i m bored what do i do,880,"1,900","1,300",-32%,Health - Mental Health - Bored,Health & Safety
cdc guidelines,"4,400","201,000","135,000",-33%,Health - CDC - Information,Health & Safety
best workouts without weights,390,880,590,-33%,Wellness - Workout - Best,Health & Safety
tips to reduce anxiety,480,880,590,-33%,Health - Mental Health - Anxiety,Health & Safety
how to kill bacteria,590,880,590,-33%,Health - Hygiene - Question,Health & Safety
cleaning vs sanitizing,260,880,590,-33%,Health - Hygene - Home - Santizer,Health & Safety
health hotline,390,880,590,-33%,Health - Information,Health & Safety
what to do when there is nothing to do,480,880,590,-33%,Health - Mental Health,Health & Safety
how long do cold germs live in the air,880,880,590,-33%,Health - Hygiene - Question - Germs,Health & Safety
bleach disinfectant,"2,400","40,500","27,100",-33%,Health - Hygene - Home,Health & Safety
bleach cleaner,"9,900","40,500","27,100",-33%,Health - Hygene - Home,Health & Safety
laundry disinfectant,"2,900","14,800","9,900",-33%,Health - Hygene - Home,Health & Safety
cabin fever,"60,500","450,000","301,000",-33%,Health - Mental Health,Health & Safety
diy disinfectant spray,"1,900","90,500","60,500",-33%,Health - Hygene - Home - Spray,Health & Safety
sanitizing wipes,"27,100","368,000","246,000",-33%,Health - Hygiene - Santizer - Wipes,Health & Safety
antibacterial wipes,"40,500","301,000","201,000",-33%,Health - Hygiene - Wipes,Health & Safety
workouts i can do at home without equipment,10,30,20,-33%,Wellness - Workout - Question,Health & Safety
how to fight isolation,10,30,20,-33%,Health - Mental Health - Isolation - Question,Health & Safety
how to get fit at home without equipment,110,390,260,-33%,Health - Information - Question,Health & Safety
how to clean fruits and vegetables,480,"6,600","4,400",-33%,Health - Hygiene - Food Washing - Question,Health & Safety
i feel isolated,260,210,140,-33%,Health - Mental Health - Isolation,Health & Safety
cleaning and sanitizing,720,"2,400","1,600",-33%,Health - Hygene - Home - Santizer,Health & Safety
social distancing,"3,600","1,500,000","1,000,000",-33%,Health - Coronavirus - Information,Health & Safety
working from home with a toddler,140,"3,600","2,400",-33%,Health - Mental Health - Work,Health & Safety
what kills bacteria,720,"2,400","1,600",-33%,Health - Information - Question,Health & Safety
things to do when i m bored,210,480,320,-33%,Health - Mental Health - Bored,Health & Safety
how long do you have insurance after leaving a job,390,390,260,-33%,Health - Insurance - Question,Financial Hardship
grocery delivery hiring,10,210,140,-33%,Health - Corona Virus,Health & Safety
health care insurance for unemployed individuals,10,30,20,-33%,Health - Insurance - Unemployment,Financial Hardship
health insurance coverage for unemployed individuals,10,30,20,-33%,Health - Insurance - Unemployment,Financial Hardship
ways to prevent yourself from getting sick,20,30,20,-33%,Health - Hygiene - Personal,Health & Safety
do i need healthcare,20,30,20,-33%,Health - Insurance - Question,Health & Safety
what to do when you have nothing to do,720,720,480,-33%,Health - Mental Health,Health & Safety
isolation at home,40,720,480,-33%,Health - Mental Health - Isolation,Health & Safety
how to clean my phone from viruses,390,720,480,-33%,Health - Hygene - Home - Phone - Question,Health & Safety
homemade cleaners,"1,900","6,600","4,400",-33%,Health - Hygene - Home,Health & Safety
how to workout at home without equipment,110,480,320,-33%,Wellness - Workout - Question,Health & Safety
how to overcome social isolation,320,390,260,-33%,Health - Mental Health - Isolation - Question,Health & Safety
how to prevent the spread of disease,210,390,260,-33%,Health - Hygiene - Personal - Question,Health & Safety
floor disinfectant,590,"3,600","2,400",-33%,Health - Hygene - Home,Health & Safety
what to when your bored,480,210,140,-33%,Health - Mental Health - Bored,Health & Safety
cleaner,"246,000","165,000","110,000",-33%,Health - Hygene - Home,Health & Safety
lysol hand wash,40,210,140,-33%,Health - Hygiene - Hand Washing,Health & Safety
yoga classes at home,170,590,390,-34%,Wellness - Workout - Yoga,Health & Safety
how to workout without weights,480,590,390,-34%,Wellness - Workout - Question,Health & Safety
washing hands too much,880,"4,400","2,900",-34%,Health - Hygiene - Hand Washing,Health & Safety
sanitizing solution,880,"4,400","2,900",-34%,Health - Hygene - Home - Santizer,Health & Safety
how to beat cabin fever,40,320,210,-34%,Health - Mental Health - Question,Health & Safety
when will we run out of food,170,320,210,-34%,Health - Corona Virus,Health & Safety
home office with kids,20,320,210,-34%,Health - Hygiene - Home,Health & Safety
kill germs,880,"2,900","1,900",-34%,Health - Hygiene - Home - Germs,Health & Safety
how long does bacteria live on clothes,50,260,170,-35%,Health - Information - Question,Health & Safety
can stress cause you to get sick,210,260,170,-35%,Health - Mental Health - Stress,Health & Safety
does laundry soap kill germs,40,170,110,-35%,Health - Hygiene - Hand Washing - Germs,Health & Safety
does dove body wash kill germs,10,140,90,-36%,Health - Hygiene - Body Wash - Germs,Health & Safety
healthcare testing,70,140,90,-36%,Health - Information - Test,Health & Safety
having cabin fever,10,140,90,-36%,Health - Mental Health,Health & Safety
insurance when you lose your job,90,110,70,-36%,Health - Insurance - Question,Financial Hardship
working from home with baby,590,"1,600","1,000",-38%,Health - Mental Health - Work,Health & Safety
viruses and symptoms,20,50,30,-40%,Health - Coronavirus - Symptoms,Health & Safety
health insurance for unemployed students,30,50,30,-40%,Health - Insurance - Unemployment,Financial Hardship
cleaning and disinfection procedures,n/a,50,30,-40%,Health - Hygiene - Home,Health & Safety
best rubbing alcohol for cleaning,210,"1,000",590,-41%,Health - Hygene - Home - Best,Health & Safety
how much germs are on your phone,10,70,40,-43%,Health - Hygiene - Phone - Germs - Question,Health & Safety
how can you protect yourself,40,70,40,-43%,Health - Hygiene - Personal - Protection - Question,Health & Safety
beating cabin fever,10,90,50,-44%,Health - Mental Health,Health & Safety
loss of employment insurance,50,90,50,-44%,Health - Insurance - Unemployment,Financial Hardship
isolating myself,880,"1,300",720,-45%,Health - Mental Health - Isolation,Health & Safety
how long do germs live,"2,400","2,900","1,600",-45%,Health - Hygiene - Question - Germs,Health & Safety
how germs spread,"1,300","2,900","1,600",-45%,Health - Hygiene - Question - Germs,Health & Safety
quarantine vs self isolation,0,"1,600",880,-45%,Health - Quarantine,Health & Safety
how to wash hands,"4,400","40,500","22,200",-45%,Health - Hygiene - Hand Washing - Question,Health & Safety
does vinegar disinfect,"2,900","33,100","18,100",-45%,Health - Hygiene,Health & Safety
phone cleaners,"1,000","4,400","2,400",-45%,Health - Hygiene - Personal - Phone,Health & Safety
importance of hand washing,"1,900","4,400","2,400",-45%,Health - Hygiene - Hand Washing,Health & Safety
disinfecting laundry detergent,"1,600","8,100","4,400",-46%,Health - Hygene - Home,Health & Safety
disinfectant laundry detergent,"1,600","8,100","4,400",-46%,Health - Hygiene,Health & Safety
how long can germs live,590,590,320,-46%,Health - Hygiene - Question - Germs,Health & Safety
cdc health guidelines,20,590,320,-46%,Health - CDC - Information,Health & Safety
how to sanitize,260,"2,400","1,300",-46%,Health - Hygene - Home - Santizer - Question,Health & Safety
how to buy health insurance without a job,260,390,210,-46%,Health - Insurance - Question,Financial Hardship
does hot water kill germs,"1,300","5,400","2,900",-46%,Health - Hygiene - Germs,Health & Safety
how does soap and water kill bacteria,10,170,90,-47%,Health - Hygiene - Hand Washing - Question,Health & Safety
does hand washing kill germs,20,170,90,-47%,Health - Hygiene - Hand Washing - Germs,Health & Safety
does hand sanitizer clean your hands,30,170,90,-47%,Health - Hygeine - Sanitizer,Health & Safety
health insurance if you are unemployed,70,170,90,-47%,Health - Insurance - Unemployment,Financial Hardship
does soap kill bacteria,390,"1,900","1,000",-47%,Health - Hygiene - Hand Washing,Health & Safety
working out at home without equipment,90,210,110,-48%,Health - Mental Health - Work,Health & Safety
best way to prevent infection,50,140,70,-50%,Health - Hygiene - Best,Health & Safety
safety precautionary measures,10,40,20,-50%,Health - Coronavirus - Information,Health & Safety
can handwashing prevent the spread of cold germs,20,40,20,-50%,Health - Hygiene - Hand Washing - Question - Germs,Health & Safety
how does good hygiene prevent disease,20,40,20,-50%,Health - Hygiene - Question,Health & Safety
can you get health insurance if you are unemployed,20,40,20,-50%,Health - Insurance - Question - Unemployment,Financial Hardship
how long should you scrub while washing your hands,40,40,20,-50%,Health - Hygiene - Hand Washing - Question,Health & Safety
how to avoid viruses in your body,10,20,10,-50%,Health - Information - Question - Virus,Health & Safety
what is the best way to prevent viral infections,10,20,10,-50%,Health - Information - Question - Best,Health & Safety
how long can bacteria live on skin,10,20,10,-50%,Health - Information - Question,Health & Safety
alcohol gel vs hand washing,10,20,10,-50%,Health - Hand Washing,Health & Safety
insurance if lose job,10,20,10,-50%,Health - Insurance,Financial Hardship
can i get health insurance if unemployed,10,20,10,-50%,Health - Insurance - Question - Unemployment,Financial Hardship
tips for beginning yoga at home,10,20,10,-50%,Wellness - Workout - Yoga - Information,Health & Safety
how can i workout at home without equipment,10,20,10,-50%,Wellness - Workout - Question,Health & Safety
fear of social isolation,10,20,10,-50%,Health - Mental Health - Isolation,Health & Safety
how do doctors and nurses avoid getting sick,20,20,10,-50%,Health - Information - Question,Health & Safety
how can you get health insurance if you are unemployed,30,20,10,-50%,Health - Insurance - Question - Unemployment,Financial Hardship
how long can cold germs last on surfaces,50,20,10,-50%,Health - Hygiene - Question - Germs,Health & Safety
how to workout without equipment at home,10,20,10,-50%,Wellness - Workout - Question,Health & Safety
how to protect myself,110,140,70,-50%,Health - Hygiene - Personal - Protection - Question,Health & Safety
how can you stop viruses,10,20,10,-50%,Health - Information - Question - Virus,Health & Safety
wash hands well each day,110,20,10,-50%,Health - Hygiene - Hand Washing,Health & Safety
clorox wipes on skin,210,"1,000",480,-52%,Health - Hygiene - Home - Wipes,Health & Safety
isolating yourself,720,"1,000",480,-52%,Health - Mental Health - Isolation,Health & Safety
does body wash kill germs,210,"1,900",880,-54%,Health - Hygiene - Body Wash - Germs,Health & Safety
yoga at home videos,480,"1,900",880,-54%,Wellness - Workout - Yoga,Health & Safety
does bar soap kill germs,50,"1,600",720,-55%,Health - Hygiene - Hand Washing - Germs,Health & Safety
how long do germs stay on surfaces,"1,900","1,600",720,-55%,Health - Hygiene - Home - Question - Germs,Health & Safety
hand wash,"60,500","301,000","135,000",-55%,Health - Hygiene - Hand Washing,Health & Safety
clean fruits and vegetables,320,"2,900","1,300",-55%,Health - Hygiene - Food Washing,Health & Safety
how long should i wash my hands,480,"2,900","1,300",-55%,Health - Hygiene - Hand Washing - Question,Health & Safety
hand washing facts,"1,000","2,900","1,300",-55%,Health - Hygiene - Hand Washing,Health & Safety
how long can viruses live,"1,300","2,900","1,300",-55%,Health - Information - Question - Virus,Health & Safety
does rubbing alcohol kill germs,"2,400","18,100","8,100",-55%,Health - Hygene - Home - Germs,Health & Safety
does alcohol kill germs,"2,400","27,100","12,100",-55%,Health - Hygiene - Germs,Health & Safety
how long should you wash your hands,"5,400","27,100","12,100",-55%,Health - Hygiene - Hand Washing - Question,Health & Safety
alcohol free hand sanitizer,"8,100","27,100","12,100",-55%,Health - Hygiene - Santizer,Health & Safety
how to make hand sanitizer,"14,800","2,240,000","1,000,000",-55%,Health - Hygene - Sanitizer - Question,Health & Safety
self quarantine guidelines,140,"12,100","5,400",-55%,Health - Quarantine,Health & Safety
how to wash fruits and vegetables,880,"9,900","4,400",-56%,Health - Hygiene - Food Washing - Question,Health & Safety
preventive measures,"3,600","9,900","4,400",-56%,Health - Hygiene - Personal,Health & Safety
how long are you supposed to wash your hands,720,"3,600","1,600",-56%,Health - Hygiene - Hand Washing - Question,Health & Safety
how long do you wash your hands,880,"3,600","1,600",-56%,Health - Hygiene - Hand Washing - Question,Health & Safety
cdc healthcare,70,720,320,-56%,Health - CDC - Information,Health & Safety
how hand washing prevents infection,10,90,40,-56%,Health - Hygiene - Hand Washing - Question,Health & Safety
how to clean iphone screen,"1,900","5,400","2,400",-56%,Health - Hygiene - Phone - Question,Health & Safety
how to make diy hand sanitizer,90,"3,600","1,600",-56%,Health - Hygene - Sanitizer - Question,Health & Safety
proper hand washing technique,"3,600","9,900","4,400",-56%,Health - Hygiene - Hand Washing,Health & Safety
health insurance during unemployment,10,880,390,-56%,Health - Insurance - Unemployment,Financial Hardship
how many germs are on your phone,320,880,390,-56%,Health - Hygiene - Phone - Germs - Question,Health & Safety
how long do germs live on fabric,720,880,390,-56%,Health - Hygiene - Home - Question - Germs,Health & Safety
wash your hands with soap,110,590,260,-56%,Health - Hygiene - Hand Washing,Health & Safety
how much does it cost to get tested,210,590,260,-56%,Health - Coronavirus - Test - Question,Health & Safety
best at home yoga programs,320,480,210,-56%,Wellness - Workout - Yoga - Best,Health & Safety
working at home with a toddler,20,480,210,-56%,Health - Mental Health - Work,Health & Safety
14 days self quarantine,110,480,210,-56%,Health - Quarantine,Health & Safety
does soap kill germs,880,"4,400","1,900",-57%,Health - Hygiene - Hand Washing - Germs,Health & Safety
how does soap kill germs,720,"4,400","1,900",-57%,Health - Hygiene - Hand Washing - Question - Germs,Health & Safety
health insurance when on unemployment,10,210,90,-57%,Health - Insurance - Question - Unemployment,Financial Hardship
can i use clorox wipes on my cell phone,20,210,90,-57%,Health - Hygiene - Home - Question - Phone - Wipes,Health & Safety
best way to fight viral infection,20,70,30,-57%,Health - Hygiene - Best,Health & Safety
what is social isolation,480,"2,400","1,000",-58%,Health - Mental Health - Isolation,Health & Safety
how long should you wash your hands for,590,"2,400","1,000",-58%,Health - Hygiene - Hand Washing - Question,Health & Safety
when to wash your hands,720,"2,400","1,000",-58%,Health - Hygiene - Hand Washing - Question,Health & Safety
how much germs does your phone have,10,50,20,-60%,Health - Hygiene - Phone - Germs - Question,Health & Safety
yoga room at home ideas,10,50,20,-60%,Wellness - Workout - Yoga,Health & Safety
how to defend against viruses,20,50,20,-60%,Health - Information - Question - Virus,Health & Safety
prevent yourself from getting sick,50,50,20,-60%,Health - Hygiene - Personal,Health & Safety
depression and self isolation,30,"1,000",390,-61%,Health - Mental Health - Isolation - Question,Health & Safety
workout without gym,480,"1,000",390,-61%,Wellness - Workout,Health & Safety
how long do germs last on surfaces,880,"1,900",720,-62%,Health - Hygiene - Home - Question - Germs,Health & Safety
proper hand washing procedure,720,"1,300",480,-63%,Health - Hygiene - Hand Washing,Health & Safety
home remedy disinfectant,40,"1,600",590,-63%,Health - Hygiene - Home,Health & Safety
self isolation,"2,400","110,000","40,500",-63%,Health - Mental Health - Isolation - Question,Health & Safety
how long does bacteria live on surfaces,880,"2,400",880,-63%,Health - Information - Question,Health & Safety
lysol spray ingredients,"14,800","33,100","12,100",-63%,Health - Hygene - Home - Spray,Health & Safety
how long to wash hands,"3,600","14,800","5,400",-64%,Health - Hygiene - Hand Washing - Question,Health & Safety
self quarantine jokes,0,880,320,-64%,Health - Quarantine,Health & Safety
how long should you wash your hands with soap,20,110,40,-64%,Health - Hygiene - Hand Washing - Question,Health & Safety
how to combat social isolation,20,110,40,-64%,Health - Mental Health - Isolation - Question,Health & Safety
hand washing to prevent the spread of germs,30,110,40,-64%,Health - Hygiene - Hand Washing - Germs,Health & Safety
how to workout without a gym,260,880,320,-64%,Wellness - Workout - Question,Health & Safety
how to work from home with kids,390,"4,400","1,600",-64%,Health - Mental Health - Work - Question,Health & Safety
soap and bacteria,10,110,40,-64%,Health - Hygiene - Hand Washing,Health & Safety
how to wash your hands the right way,30,110,40,-64%,Health - Hygiene - Hand Washing - Question,Health & Safety
does cold air kill germs,"1,300","3,600","1,300",-64%,Health - Hygiene - Germs,Health & Safety
laundry jacket,"1,000",390,140,-64%,Health - Hygene - Home,Health & Safety
can you clean your phone with hand sanitizer,50,390,140,-64%,Health - Hygene - Sanitizer - Question - Phone,Health & Safety
hand sanitizer or washing hands,50,390,140,-64%,Health - Hygeine - Sanitizer,Health & Safety
does drinking alcohol kill viruses,"2,400","8,100","2,900",-64%,Health - Coronavirus - Question,Health & Safety
department of health services,"3,600","8,100","2,900",-64%,Health - Information,Health & Safety
avoiding physical contact,10,140,50,-64%,Heath - Contact,Health & Safety
hand washing temperature,210,480,170,-65%,Health - Hygiene - Hand Washing,Health & Safety
how to disinfect door handles,20,480,170,-65%,Health - Hygiene - Hand Washing - Question,Health & Safety
self quarantine rules,0,"5,400","1,900",-65%,Health - Quarantine,Health & Safety
self isolation meaning,260,"5,400","1,900",-65%,Health - Mental Health - Isolation - Question,Health & Safety
does heat kill germs,720,"5,400","1,900",-65%,Health - Hygiene - Germs,Health & Safety
hot or cold water to wash hands,40,260,90,-65%,Health - Hygiene - Hand Washing,Health & Safety
why wash hands with warm water,50,320,110,-66%,Health - Hygiene - Hand Washing - Question,Health & Safety
best protection against viruses,10,90,30,-67%,Health - Hygiene - Protection - Virus - Best,Health & Safety
can you wash hands with cold water,20,210,70,-67%,Health - Hygiene - Hand Washing - Question,Health & Safety
do hand wipes kill germs,20,210,70,-67%,Health - Hygiene - Hand Wipes - Germs,Health & Safety
how long do you wash hands,50,210,70,-67%,Health - Hygiene - Hand Washing - Question,Health & Safety
how do you prevent viruses,90,210,70,-67%,Health - Information - Question - Virus,Health & Safety
ways to prevent viruses in your body,40,90,30,-67%,Health - Hygiene - Personal - Virus,Health & Safety
how to stop habit of touching face,10,30,10,-67%,Health - Hygiene - Personal - Question,Health & Safety
do germs survive on clothing,10,30,10,-67%,Health - Hygiene - Home - Germs,Health & Safety
resources for health,20,30,10,-67%,Health - Information,Health & Safety
disinfecting your home,110,"1,000",320,-68%,Health - Hygiene - Home,Health & Safety
germs on phone,480,"1,900",590,-69%,Health - Hygiene - Phone - Germs,Health & Safety
how to disinfect house,720,"2,900",880,-70%,Health - Hygene - Home - Question,Health & Safety
clean iphone screen,880,"2,900",880,-70%,Health - Hygiene - Phone,Health & Safety
hand sanitizer wipes,"90,500","301,000","90,500",-70%,Health - Hygiene - Santizer - Wipes,Health & Safety
washing hands with cold water,480,"2,400",720,-70%,Health - Hygiene - Hand Washing,Health & Safety
social isolation,"8,100","74,000","22,200",-70%,Health - Mental Health - Isolation,Health & Safety
cdc recommendations,"18,100","135,000","40,500",-70%,Health - CDC - Information,Health & Safety
does all soap kill germs,90,"2,400",720,-70%,Health - Hygiene - Hand Washing - Germs,Health & Safety
does hand soap kill germs,170,"1,600",480,-70%,Health - Hygiene - Hand Washing - Germs,Health & Safety
how to protect yourself from viruses,"1,000","1,300",390,-70%,Health - Hygiene - Personal - Question - Virus,Health & Safety
hand sanitizer brands,"1,900","33,100","9,900",-70%,Health - Hygiene - Santizer,Health & Safety
does vinegar kill germs,"5,400","49,500","14,800",-70%,Health - Hygiene - Germs,Health & Safety
self quarantine meaning,"2,900","27,100","8,100",-70%,Health - Quarantine,Health & Safety
how to clean iphone,"4,400","27,100","8,100",-70%,Health - Hygiene - Phone - Question,Health & Safety
how to sanitize phone,n/a,"18,100","5,400",-70%,Health - Hygiene - Santizer - Phone - Question,Health & Safety
cell phone cleaner,n/a,"18,100","5,400",-70%,Health - Hygiene - Phone,Health & Safety
common cold vs flu,"12,100","12,100","3,600",-70%,Health - Hygiene - Personal - Flu,Health & Safety
hand sanitizer for kids,"5,400","14,800","4,400",-70%,Health - Hygiene - Santizer,Health & Safety
hand sanitizer how to make,110,"8,100","2,400",-70%,Health - Hygene - Sanitizer - Question,Health & Safety
self quarantine after travel,0,"4,400","1,300",-70%,Health - Quarantine,Health & Safety
how often should you wash your hands,590,"4,400","1,300",-70%,Health - Hygiene - Hand Washing - Question,Health & Safety
how to prevent viruses,"1,600","4,400","1,300",-70%,Health - Hygiene - Personal - Question - Virus,Health & Safety
coronavirus infection in humans,590,170,50,-71%,Health - Coronavirus - Infection,Health & Safety
protection against viruses,320,720,210,-71%,Health - Hygiene - Personal - Virus,Health & Safety
how long do germs last,260,720,210,-71%,Health - Hygiene - Question - Germs,Health & Safety
how long can germs live on clothes,260,720,210,-71%,Health - Hygiene - Home - Question - Germs,Health & Safety
proper hand washing time,590,720,210,-71%,Health - Hygiene - Hand Washing,Health & Safety
cleaning phone with hand sanitizer,30,480,140,-71%,Health - Hygene - Sanitizer - Phone,Health & Safety
wash hands with hot or cold water,70,480,140,-71%,Health - Hygiene - Hand Washing,Health & Safety
how to make hand sanitizer with soap,10,480,140,-71%,Health - Hygene - Sanitizer - Question,Health & Safety
how to prevent yourself from getting sick,590,590,170,-71%,Health - Hygiene - Personal - Question,Health & Safety
can germs live on plastic,20,140,40,-71%,Health - Hygiene - Home - Question - Germs,Health & Safety
hand washing time,880,"3,600","1,000",-72%,Health - Hygiene - Hand Washing,Health & Safety
coronavirus treatment in humans,"2,400",260,70,-73%,Health - Coronavirus - Information - Treatment,Health & Safety
how to prevent getting the flu,"2,400","1,000",260,-74%,Health - Hygiene - Personal - Question,Health & Safety
health insurance when you are unemployed,10,40,10,-75%,Health - Insurance - Question - Unemployment,Financial Hardship
health insurance for unemployed person,50,40,10,-75%,Health - Insurance - Unemployment,Financial Hardship
germs on cell phones,720,"2,900",720,-75%,Health - Hygiene - Phone - Germs,Health & Safety
how to make homemade hand sanitizer,"1,000","246,000","60,500",-75%,Health - Hygene - Sanitizer - Question,Health & Safety
how long can germs live on surfaces,880,"2,400",590,-75%,Health - Hygiene - Home - Question - Germs,Health & Safety
how to make hand sanitizer at home,720,"90,500","22,200",-75%,Health - Hygene - Sanitizer - Question,Health & Safety
how to wash your hands,"6,600","60,500","14,800",-76%,Health - Hygiene - Hand Washing - Question,Health & Safety
how to disinfect phone,n/a,"40,500","9,900",-76%,Health - Hygene - Home - Phone - Question,Health & Safety
hand washing or hand sanitizer,170,880,210,-76%,Health - Hygene - Sanitizer,Health & Safety
how to prevent flu from spreading,"1,600",880,210,-76%,Health - Hygiene - Personal - Question,Health & Safety
can you clean your phone with clorox wipes,50,720,170,-76%,Health - Hygiene - Home - Question - Phone - Wipes,Health & Safety
ways to stop touching your face,30,390,90,-77%,Health - Information,Health & Safety
washing hands with cold or hot water,30,390,90,-77%,Health - Hygiene - Hand Washing,Health & Safety
keeping the workplace clean and safe,10,90,20,-78%,Health - Mental Health - Work,Health & Safety
does washing your hands with cold water kill germs,40,320,70,-78%,Health - Hygiene - Hand Washing - Germs,Health & Safety
how long do germs last in the air,50,320,70,-78%,Health - Hygiene - Question - Germs,Health & Safety
how long can cold germs live on surfaces,320,320,70,-78%,Health - Hygiene - Home - Question - Germs,Health & Safety
lysol wipes on phone,90,"1,000",210,-79%,Health - Hygiene - Phone - Wipes,Health & Safety
how to protect yourself,"3,600","2,900",590,-80%,Health - Hygiene - Personal - Protection - Question,Health & Safety
self quarantine,"8,100","368,000","74,000",-80%,Health - Mental Health - Quarantine - Question,Health & Safety
self-quarantine,"8,100","368,000","74,000",-80%,Health - Quarantine - Question,Health & Safety
how to make your own hand sanitizer,"2,900","301,000","60,500",-80%,Health - Hygene - Sanitizer - Question,Health & Safety
travel size hand sanitizer,"22,200","165,000","33,100",-80%,Health - Hygiene - Santizer,Health & Safety
how do you protect yourself from viruses,20,50,10,-80%,Health - Hygiene - Personal - Protection - Question - Virus,Health & Safety
can antibacterial soap kill viruses,50,"1,300",260,-80%,Health - Hygiene - Hand Washing - Question - Virus,Health & Safety
does dish soap kill bacteria,320,"1,300",260,-80%,Health - Hygiene - Hand Washing,Health & Safety
how long can cold germs live,70,50,10,-80%,Health - Hygiene - Question - Germs,Health & Safety
do flu germs live on clothes,110,50,10,-80%,Health - Hygiene - Home - Flu - Germs,Health & Safety
proper hand washing,"5,400","33,100","6,600",-80%,Health - Hygiene - Hand Washing,Health & Safety
flu symptoms vs cold,"40,500","27,100","5,400",-80%,Health - Hygiene - Personal - Flu - Symptoms,Health & Safety
how often should you disinfect your house,40,720,140,-81%,Health - Information - Question,Health & Safety
can germs live on clothes,390,720,140,-81%,Health - Hygiene - Home - Question - Germs,Health & Safety
how to disinfect couch after flu,880,720,140,-81%,Health - Hygene - Home - Question,Health & Safety
how to disinfect house after flu,"1,300",720,140,-81%,Health - Hygene - Home - Question,Health & Safety
how long do cold germs live on surfaces,"1,600",880,170,-81%,Health - Hygiene - Home - Question - Germs,Health & Safety
how often to wash hands,110,880,170,-81%,Health - Hygiene - Hand Washing - Question,Health & Safety
does washing your hands in cold water kill germs,50,260,50,-81%,Health - Hygiene - Hand Washing - Germs,Health & Safety
how many germs are on a cell phone,90,260,50,-81%,Health - Hygiene - Phone - Germs - Question,Health & Safety
ways to protect yourself,210,260,50,-81%,Health - Hygiene - Personal,Health & Safety
how to keep yourself from getting sick,260,260,50,-81%,Health - Information - Question,Health & Safety
stop touching my face,20,260,50,-81%,Health - Hygiene - Personal,Health & Safety
disinfectant wipes for skin,590,"5,400","1,000",-81%,Health - Hygene - Home - Wipes,Health & Safety
how to clean germs off cell phone,n/a,110,20,-82%,Health - Hygiene - Home - Question - Phone - Germs,Health & Safety
how to protect yourself against viruses,50,110,20,-82%,Health - Hygiene - Personal - Protection - Question - Virus,Health & Safety
how to clean your phone screen from germs,10,110,20,-82%,Health - Hygiene - Phone - Germs - Question,Health & Safety
how to properly sanitize your hands,10,110,20,-82%,Health - Hygeine - Sanitizer - Question,Health & Safety
what is the best soap to kill bacteria,20,110,20,-82%,Health - Hygiene - Hand Washing - Question - Best,Health & Safety
how long can flu germs live on surfaces,"1,000",390,70,-82%,Health - Hygiene - Home - Flu - Question - Germs,Health & Safety
best germ killing soap,50,170,30,-82%,Health - Hygiene - Hand Washing - Best,Health & Safety
self quarantine recommendations,0,"1,000",170,-83%,Health - Quarantine,Health & Safety
best hand sanitizer,"27,100","110,000","18,100",-84%,Health - Hygiene - Santizer - Best,Health & Safety
how to clean your phone,n/a,"40,500","6,600",-84%,Health - Hygiene - Phone - Question,Health & Safety
how to isolate yourself,390,"1,600",260,-84%,Health - Mental Health - Isolation - Question,Health & Safety
coronavirus outbreak 2020,"12,100","9,900","1,600",-84%,Health - Coronavirus - Information,Health & Safety
how to stop touching your face,"1,300","12,100","1,900",-84%,Health - Hygiene - Personal - Question,Health & Safety
lysol wipes on iphone,10,320,50,-84%,Health - Hygiene - Phone - Wipes,Health & Safety
keeping the workplace safe,10,260,40,-85%,Health - Mental Health - Work,Health & Safety
can you use clorox wipes on cell phones,30,260,40,-85%,Health - Hygiene - Home - Question - Phone - Wipes,Health & Safety
how to sanitize your phone,n/a,"6,600","1,000",-85%,Health - Hygene - Home - Santizer - Phone - Question,Health & Safety
how long do germs live on surfaces,"2,400","6,600","1,000",-85%,Health - Hygiene - Home - Question - Germs,Health & Safety
how do you stop viruses,10,70,10,-86%,Health - Information - Question - Virus,Health & Safety
what to do about health insurance when unemployed,10,70,10,-86%,Health - Insurance - Question - Unemployment,Financial Hardship
which soap kills the most germs scientific method,30,70,10,-86%,Health - Hygiene - Hand Washing - Germs,Health & Safety
how to prevent myself from getting sick,90,70,10,-86%,Health - Hygiene - Personal - Question,Health & Safety
how to protect yourself from a pandemic,210,70,10,-86%,Health - Hygiene - Personal - Protection - Question,Health & Safety
how to make hand sanitizer gel,390,"135,000","18,100",-87%,Health - Hygene - Sanitizer - Question,Health & Safety
coronavirus symptoms in humans,"74,000","74,000","9,900",-87%,Health - Coronavirus - Symptoms,Health & Safety
coronavirus in humans symptoms,"74,000","74,000","9,900",-87%,Health - Coronavirus - Symptoms,Health & Safety
cold vs flu,"165,000","90,500","12,100",-87%,Health - Hygiene - Personal - Flu,Health & Safety
proper hand washing steps,880,"6,600",880,-87%,Health - Hygiene - Hand Washing,Health & Safety
is it a cold or the flu,"6,600","2,400",320,-87%,Health - Hygiene - Personal - Flu - Question,Health & Safety
how to disinfect your house,590,"5,400",720,-87%,Health - Hygene - Home - Question,Health & Safety
what is self quarantine,"1,000","33,100","4,400",-87%,Health - Quarantine - Question,Health & Safety
what is self-quarantine,"1,000","33,100","4,400",-87%,Health - Quarantine - Question,Health & Safety
how long can flu live on surfaces,"5,400","9,900","1,300",-87%,Health - Hygiene - Home - Flu - Question,Health & Safety
stop touching face,70,"1,600",210,-87%,Health - Hygiene - Personal,Health & Safety
self quarantine instructions,0,590,70,-88%,Health - Quarantine,Health & Safety
how to know if you have a cold or flu,320,170,20,-88%,Health - Hygiene - Personal - Flu - Question,Health & Safety
how to disinfect after flu,480,170,20,-88%,Health - Hygene - Home - Question,Health & Safety
cdc clinical guidelines,30,170,20,-88%,Health - CDC - Information,Health & Safety
how long do cold germs stay on surfaces,110,260,30,-88%,Health - Hygiene - Home - Question - Germs,Health & Safety
does washing hands with soap kill germs,10,90,10,-89%,Health - Hygiene - Hand Washing - Germs,Health & Safety
do i have a cold or the flu,"6,600","2,900",320,-89%,Health - Hygiene - Personal - Flu - Question,Health & Safety
cdc healthcare professionals,10,"1,000",110,-89%,Health - CDC - Information,Health & Safety
self quarantine activities,0,"1,300",140,-89%,Health - Quarantine,Health & Safety
does regular soap kill bacteria,50,"1,300",140,-89%,Health - Hygiene - Hand Washing,Health & Safety
chances of getting flu if exposed,"2,900","1,300",140,-89%,Health - Hygiene - Personal - Flu,Health & Safety
how to stay safe from viruses,90,880,90,-90%,Health - Hygiene - Personal - Question - Virus,Health & Safety
are lysol wipes safe for phone screens,10,320,30,-91%,Health - Hygene - Wipes - Question - Phone,Health & Safety
how to sanitize your house,110,"2,900",260,-91%,Health - Hygene - Sanitizer - Question,Health & Safety
how to make your own hand sanitizer gel,70,"2,900",260,-91%,Health - Hygene - Sanitizer - Question,Health & Safety
coronavirus 2020 symptoms,"6,600","6,600",590,-91%,Health - Coronavirus - Symptoms,Health & Safety
cold or flu,"40,500","14,800","1,300",-91%,Health - Hygiene - Personal - Flu,Health & Safety
cold versus flu symptoms,"3,600","2,400",210,-91%,Health - Hygiene - Personal - Flu - Symptoms,Health & Safety
how to clean your phone from germs,70,"1,600",140,-91%,Health - Hygiene - Phone - Germs - Question,Health & Safety
does antibacterial soap work,210,"4,400",320,-93%,Health - Hygiene - Hand Washing,Health & Safety
how to self quarantine with family,0,"5,400",390,-93%,Health - Quarantine,Health & Safety
self quarantine definition,"1,300","22,200","1,600",-93%,Health - Quarantine,Health & Safety
what soap kills the most germs,30,140,10,-93%,Health - Hygiene - Hand Washing - Question - Germs,Health & Safety
how to prevent getting the flu after being exposed,"1,600",590,40,-93%,Health - Hygiene - Personal - Question,Health & Safety
coronavirus causes,"110,000","135,000","8,100",-94%,Health - Coronavirus - Information,Health & Safety
coronavirus cause,"110,000","135,000","8,100",-94%,Health - Coronavirus - Information,Health & Safety
how to be safe from viruses,30,170,10,-94%,Health - Information - Question - Virus,Health & Safety
isolation precautions for coronavirus,260,720,40,-94%,Health - Coronavirus - Information - Isolation,Health & Safety
coronavirus where in us,"1,900","1,300",70,-95%,Health - Coronavirus - Information,Health & Safety
coronavirus transmission,"201,000","135,000","6,600",-95%,Health - Coronavirus - Information,Health & Safety
how long do flu germs live on fabric,210,210,10,-95%,Health - Hygiene - Home - Flu - Question - Germs,Health & Safety
how long do flu germs live on surfaces,"2,900","1,900",90,-95%,Health - Hygiene - Home - Flu - Question - Germs,Health & Safety
self quarantine translate,10,"14,800",590,-96%,Health - Quarantine,Health & Safety
self quarantine 14 days,320,"8,100",320,-96%,Health - Quarantine,Health & Safety
coronavirus isolation precautions,"1,000","4,400",170,-96%,Health - Coronavirus - Information - Isolation,Health & Safety
coronavirus symptoms in adults,"1,900","6,600",210,-97%,Health - Coronavirus - Symptoms,Health & Safety
coronavirus outbreak,"301,000","301,000","8,100",-97%,Health - Coronavirus - Information,Health & Safety
coronavirus on cruise ship,"33,100","18,100",480,-97%,Health - Coronavirus - Information,Health & Safety
coronavirus infection,"74,000","110,000","2,900",-97%,Health - Coronavirus - Infection,Health & Safety
coronavirus treatment,"368,000","1,500,000","33,100",-98%,Health - Coronavirus - Information - Treatment,Health & Safety
when will coronavirus end,"14,800","673,000","14,800",-98%,Health - Corona Virus,Health & Safety
coronavirus explained,"27,100","22,200",480,-98%,Health - Coronavirus - Information,Health & Safety
coronavirus precautions,"27,100","90,500","1,900",-98%,Health - Coronavirus - Information,Health & Safety
coronavirus,"45,500,000","185,000,000","3,350,000",-98%,Health - Coronavirus,Health & Safety
coronavirus prevention,"74,000","165,000","2,900",-98%,Health - Coronavirus - Information,Health & Safety
coronavirus recent news,"5,400","12,100",170,-99%,Health - Coronavirus - News,Health & Safety
coronavirus cure,"450,000","1,830,000","22,200",-99%,Health - Coronavirus - Information,Health & Safety
coronavirus mortality rate,"246,000","550,000","6,600",-99%,Health - Coronavirus - Information,Health & Safety
is sneezing a symptom of coronavirus,590,"49,500",590,-99%,Health - Coronavirus - Information - Symptoms - Question,Health & Safety
coronavirus common cold,"12,100","40,500",480,-99%,Health - Coronavirus - Information,Health & Safety
how coronavirus started,"27,100","110,000","1,300",-99%,Health - Coronavirus - Question,Health & Safety
how to treat coronavirus,"33,100","165,000","1,900",-99%,Health - Coronavirus - Question,Health & Safety
self quarantine shopping list,0,880,10,-99%,Health - Quarantine,Health & Safety
why coronavirus is deadly,"4,400","8,100",90,-99%,Health - Coronavirus - Information - Question,Health & Safety
self quarantine supply list,0,"1,000",10,-99%,Health - Quarantine,Health & Safety
coronavirus information,"14,800","60,500",590,-99%,Health - Coronavirus - Information,Health & Safety
coronavirus outbreak map,"60,500","165,000","1,600",-99%,Health - Coronavirus - Information,Health & Safety
coronavirus article,"14,800","40,500",390,-99%,Health - Coronavirus - Information,Health & Safety
coronavirus fatality rate,"74,000","201,000","1,900",-99%,Health - Coronavirus - Information,Health & Safety
coronavirus symptoms,"11,100,000","68,000,000","450,000",-99%,Health - Coronavirus - Symptoms,Health & Safety
coronavirus latest news,"246,000","673,000","4,400",-99%,Health - Coronavirus - Test,Health & Safety
coronavirus incubation,"14,800","60,500",390,-99%,Health - Coronavirus - Information,Health & Safety
coronavirus latest,"110,000","301,000","1,600",-99%,Health - Coronavirus - Test,Health & Safety
self quarantine procedure,480,"18,100",90,-100%,Health - Quarantine,Health & Safety
coronavirus vaccine,"823,000","3,350,000","14,800",-100%,Health - Coronavirus - Vaccine,Health & Safety
coronavirus signs,"33,100","135,000",590,-100%,Health - Coronavirus - Information,Health & Safety
coronavirus in new york,"90,500","673,000","2,900",-100%,Health - Coronavirus - News,Health & Safety
coronavirus vs flu,"201,000","673,000","2,900",-100%,Health - Coronavirus - Flu,Health & Safety
coronavirus research,"6,600","40,500",170,-100%,Health - Coronavirus - Information,Health & Safety
coronavirus us states,"8,100","40,500",170,-100%,Health - Coronavirus - Information,Health & Safety
coronavirus in us,"2,740,000","7,480,000","27,100",-100%,Health - Coronavirus - Information,Health & Safety
coronavirus predictions,"49,500","450,000","1,600",-100%,Health - Coronavirus - Information,Health & Safety
coronavirus pandemic,"110,000","450,000","1,600",-100%,Health - Coronavirus - Information,Health & Safety
coronavirus facts,"90,500","368,000","1,300",-100%,Health - Coronavirus - Information,Health & Safety
coronavirus map,"1,500,000","13,600,000","40,500",-100%,Health - Coronavirus - Information,Health & Safety
coronavirus news,"1,830,000","9,140,000","27,100",-100%,Health - Coronavirus - News,Health & Safety
coronavirus vs cold,"6,600","90,500",260,-100%,Health - Coronavirus - Information,Health & Safety
coronavirus new jersey,"74,000","823,000","1,900",-100%,Health - Coronavirus - News,Health & Safety
coronavirus tracker,"201,000","2,240,000","4,400",-100%,Health - Coronavirus - Information,Health & Safety
coronavirus update map,"74,000","673,000","1,300",-100%,Health - Coronavirus - Information,Health & Safety
medicine for coronavirus,"12,100","90,500",170,-100%,Health - Coronavirus - Information,Health & Safety
coronavirus news today,"49,500","246,000",390,-100%,Health - Coronavirus - News,Health & Safety
coronavirus ny,"135,000","1,830,000","2,900",-100%,Health - Coronavirus - Information,Health & Safety
coronavirus travel restrictions,"40,500","135,000",210,-100%,Health - Coronavirus - Information - Travel,Health & Safety
coronavirus peak,"12,100","110,000",140,-100%,Health - Coronavirus - Information,Health & Safety
coronavirus global cases,"4,400","60,500",70,-100%,Health - Coronavirus - Information,Health & Safety
coronavirus first symptoms,"9,900","201,000",210,-100%,Health - Coronavirus - Symptoms,Health & Safety
coronavirus united states,"2,740,000","7,480,000","6,600",-100%,Health - Coronavirus - Information,Health & Safety
coronavirus statistics,"450,000","5,000,000","4,400",-100%,Health - Coronavirus - Information,Health & Safety
coronavirus early symptoms,"14,800","301,000",260,-100%,Health - Coronavirus - Symptoms,Health & Safety
coronavirus world,"27,100","450,000",320,-100%,Health - Coronavirus - Information,Health & Safety
coronavirus test,"60,500","1,830,000","1,300",-100%,Health - Coronavirus - Test,Health & Safety
coronavirus vaccine update,"33,100","201,000",110,-100%,Health - Coronavirus - Vaccine,Health & Safety
coronavirus us map,"60,500","1,000,000",480,-100%,Health - Coronavirus - Information,Health & Safety
how to reduce tension and fear,10,10,0,-100%,Health - Hygiene - Personal - Question,Health & Safety
cleaning product tips,10,10,0,-100%,Health - Hygiene - Home - Information,Health & Safety
health insurance for unemployed with pre existing conditions,0,10,0,-100%,Health - Insurance - Unemployment,Financial Hardship
how long can cold germs survive on surfaces,10,10,0,-100%,Health - Hygiene - Home - Question - Germs,Health & Safety
precautions taken against various diseases,10,10,0,-100%,Health - Information,Health & Safety
benefits of community hygiene,10,10,0,-100%,Health - Hygiene,Health & Safety
best things to do to prevent getting sick,10,10,0,-100%,Health - Hygiene - Best,Health & Safety
benefits of washing hands regularly,10,10,0,-100%,Health - Hygiene - Hand Washing,Health & Safety
disease covered in health insurance,10,10,0,-100%,Health - Insurance,Financial Hardship
daily exercise without gym,10,10,0,-100%,Wellness - Workout,Health & Safety
inexpensive health insurance for unemployed,10,10,0,-100%,Health - Insurance - Unemployment,Financial Hardship
how stress and coping affect health,10,10,0,-100%,Health - Mental Health - Stress - Question,Health & Safety
employer health insurance mandates and the risk of unemployment,0,0,10,,Health - Insurance - Unemployment,Financial Hardship
how to get health insurance if your unemployed,10,0,10,,Health - Insurance - Question - Unemployment,Financial Hardship
germany health insurance unemployed,10,0,10,,Health - Insurance - Unemployment,Financial Hardship
are healthcare premiums going up,10,0,10,,Health - Insurance - Question,Financial Hardship
health insurance assistance for unemployed,10,0,10,,Health - Insurance - Unemployment,Financial Hardship
health insurance help for unemployed,10,0,10,,Health - Insurance - Unemployment,Financial Hardship