KEYWORD,MSV FEB 2020,MSV MAR 2020,MSV April 2020,MONTH TO MONTH TREND,CATEGORY,CONSUMER IMPACT
whats the app house party,10,10,320,3100%,Technology - Apps - Chat - Video - Question,Entertainment
cocktail builder app,50,170,3600,2018%,Technology - Apps - Bartending,Health & Safety
what is houseparty the app,40,50,590,1080%,Technology - Apps - Chat - Video - Question,Entertainment
drink ingredients app,70,50,320,540%,Technology - Apps - Alcohol - Bartending,Entertainment
home office accessories,880,2900,18100,524%,Technology - Remote Work - Office,Health & Safety
drink maker app,140,320,1600,400%,Technology - Apps - Alcohol - Bartending,Entertainment
house party app game,10,12100,60500,400%,Technology - Apps - Chat - Video,Entertainment
free house party app,10,50,210,320%,Technology - Apps - Chat - Video,Entertainment
drink mixer app,260,390,1600,310%,Technology - Apps - Alcohol - Bartending,Entertainment
app that makes recipes from ingredients,10,10,40,300%,Technology - Apps - Cooking - Recipe,Health & Safety
best bartender app for iphone,10,10,40,300%,Technology - Apps - Bartending,Health & Safety
facetime group chat app,10,10,40,300%,Technology - Apps - Chat,Communication
facetime video chat,260,1000,3600,260%,Technology - Apps - Chat - Video,Health & Safety
alcohol delivery near me app,10,20,70,250%,Technology - Apps - Alcohol - Delivery,Health & Safety
digital cookbook app,30,50,170,240%,Technology - Apps - Cooking - Books,Health & Safety
sign up for houseparty,10,50,170,240%,Technology - Apps - Chat - Video,Entertainment
house party review,140,1600,5400,238%,Technology - Apps - Chat - Video,Entertainment
what is house party,1300,9900,33100,234%,Technology - Apps - Chat - Video - Question,Entertainment
virtual dating apps,70,390,1300,233%,Technology - Dating,Health & Safety
apps for alcoholic drinks,10,10,30,200%,Technology - Apps - Alcohol - Bartending,Entertainment
best virtual date games,10,10,30,200%,Technology - Dating,Entertainment
home office it setup,10,10,30,200%,Technology - Remote Work - Office,Health & Safety
how do i cancel a subscription on app store,10,10,30,200%,Technology - Subscriptions - Cancel - Question,Financial Hardship
recipe book app free,10,10,30,200%,Technology - Apps - Cooking - Books - Recipe,Health & Safety
what is virtual dating,10,90,260,189%,Technology - Dating - Question,Health & Safety
how to share screen on houseparty,50,210,590,181%,Technology - Apps - Chat - Video - QuestionQuestion,Entertainment
electronic recipe book,70,50,140,180%,Technology - Apps - Cooking - Books - Recipe,Health & Safety
free video call online,1900,2900,8100,179%,Technology - Apps - Chat - Video,Health & Safety
get house party,30,2900,8100,179%,Technology - Apps - Chat - Video,Entertainment
can you get houseparty on a computer,10,140,390,179%,Technology - Apps - Chat - Video,Entertainment
get facetime app,40,140,390,179%,Technology - Apps - Chat - Video,Health & Safety
is houseparty safe,140,1300,3600,177%,Technology - Apps - Chat - Video,Entertainment
dangers of houseparty app,10,40,110,175%,Technology - Apps - Chat - Video,Entertainment
digital cookbook,320,320,880,175%,Technology - Apps - Cooking - Books,Health & Safety
family recipe sharing app,20,40,110,175%,Technology - Apps - Cooking - Recipe,Health & Safety
home office decor tips,20,40,110,175%,Technology - Remote Work - Office,Health & Safety
virtual date ideas,260,9900,27100,174%,Technology - Dating,Health & Safety
house party video,260,880,2400,173%,Technology - Apps - Chat - Video,Entertainment
video chat with games,10,590,1600,171%,Technology - Apps - Chat - Video,Health & Safety
how to screen share on houseparty,140,390,1000,156%,Technology - Apps - Chat - Video - QuestionQuestion,Entertainment
best digital cookbook,10,20,50,150%,Technology - Apps - Cooking - Books,Health & Safety
what should i make for dinner app,30,20,50,150%,Technology - Apps - Cooking - Question,Health & Safety
best mixed drink app,50,70,170,143%,Technology - Apps - Alcohol - Bartending,Entertainment
drink recipe app,90,110,260,136%,Technology - Apps - Recipe - Bartending,Entertainment
shopper app instacart,50,110,260,136%,Technology - Apps,Health & Safety
video chat discord app,10,110,260,136%,Technology - Apps - Chat - Video,Health & Safety
best drink making app,10,30,70,133%,Technology - Apps - Alcohol - Bartending,Entertainment
best liquor apps,30,30,70,133%,Technology - Apps - Alcohol,Health & Safety
how to cancel times subscription,50,30,70,133%,Technology - Subscriptions - Cancel - Question,Financial Hardship
ideas for home office setup,10,30,70,133%,Technology - Remote Work - Office,Health & Safety
house party call,30,210,480,129%,Technology - Apps - Chat - Video,Entertainment
houseparty online,1300,2900,6600,128%,Technology - Apps - Chat - Video,Entertainment
instacart delivery app,110,390,880,126%,Technology - Apps - Grocery - Delivery,Health & Safety
byju's app download,50,40,90,125%,Technology - Apps - Chat - Video,Health & Safety
free video phone calls,10,40,90,125%,Technology - Apps - Chat - Video,Health & Safety
fresh direct promo code,720,3600,8100,125%,Technology - Apps - Grocery,Health & Safety
house party game app,20,1600,3600,125%,Technology - Apps - Chat - Video,Entertainment
what is the houseparty app,170,2400,5400,125%,Technology - Apps - Chat - Video - Question,Entertainment
how to use houseparty,110,5400,12100,124%,Technology - Apps - Chat - Video - QuestionQuestion,Entertainment
house party app review,210,12100,27100,124%,Technology - Apps - Chat - Video,Entertainment
house party app reviews,210,12100,27100,124%,Technology - Apps - Chat - Video,Entertainment
the app house party,12100,368000,823000,124%,Technology - Apps - Chat - Video,Entertainment
house party,201000,823000,1830000,122%,Technology - Apps - Chat - Video,Entertainment
cocktail app,390,720,1600,122%,Technology - Apps - Bartending,Health & Safety
best app for alcohol delivery,20,50,110,120%,Technology - App - Grocery - Alcohol - Delivery,Health & Safety
best drink recipe app,30,50,110,120%,Technology - Apps - Alcohol - Recipe - Bartending,Entertainment
new video call app,20,50,110,120%,Technology - Apps - Chat - Video,Health & Safety
best cocktail app,320,480,1000,108%,Technology - Apps - Bartending,Health & Safety
app based delivery services,10,10,20,100%,Technology - Apps - Delivery,Health & Safety
app that you can put ingredients,10,20,40,100%,Technology - Apps - Cooking,Health & Safety
app to bring groceries,10,10,20,100%,Technology - Apps - Grocery,Health & Safety
app to make recipes,10,10,20,100%,Technology - Apps - Cooking - Recipe,Health & Safety
best baking apps,30,70,140,100%,Technology - Apps - Cooking,Health & Safety
best diet recipe app,10,10,20,100%,Technology - Apps - Cooking - Recipe,Health & Safety
best free cookbook app,20,10,20,100%,Technology - Apps - Cooking - Books,Health & Safety
best inexpensive home computer,10,10,20,100%,Technology - Remote Work,Health & Safety
best mixed drink app for iphone,20,10,20,100%,Technology - Apps - Alcohol - Bartending,Entertainment
best recipe sharing app,10,20,40,100%,Technology - Apps - Cooking - Recipe,Health & Safety
best vegetarian cooking apps,10,10,20,100%,Technology - Apps - Cooking,Health & Safety
cookbook app android,10,10,20,100%,Technology - Apps - Cooking - Books,Health & Safety
cooking app where you can enter ingredients,10,20,40,100%,Technology - Apps - Cooking,Health & Safety
digital recipe app,10,10,20,100%,Technology - Apps - Cooking - Recipe,Health & Safety
food delivery apps that work near me,20,10,20,100%,Technology - Apps - Delivery - Food,Health & Safety
free apps for healthy recipes,10,10,20,100%,Technology - Apps - Cooking - Recipe,Health & Safety
free cocktail app,10,10,20,100%,Technology - Apps - Bartending,Health & Safety
high tech office equipment,10,10,20,100%,Technology - Remote Work - Office,Health & Safety
house party game platforms,10,10,20,100%,Technology - Apps - Chat - Video,Entertainment
innovative home office,10,10,20,100%,Technology - Remote Work - Office,Health & Safety
instacart shopper app for iphone,10,10,20,100%,Technology - Apps,Health & Safety
laptop home office desk,10,10,20,100%,Technology - Remote Work - Office,Health & Safety
top rated cooking apps,10,10,20,100%,Technology - Apps - Cooking,Health & Safety
what to cook today app,10,10,20,100%,Technology - Apps - Cooking - Question,Health & Safety
food app free delivery,30,110,210,91%,Technology - Apps - Delivery - Food,Health & Safety
apps like instacart,720,1900,3600,89%,Technology - Apps,Health & Safety
best beer delivery app,20,90,170,89%,Technology - Apps - Delivery,Health & Safety
instacart worker app,50,90,170,89%,Technology - Apps,Health & Safety
home office organization supplies,110,170,320,88%,Technology - Remote Work - Office,Health & Safety
best free running app,1000,2900,5400,86%,Technology - Apps - Free,Entertainment
cancel hbo subscription,2400,2900,5400,86%,Technology - Subscriptions - Cancel,Financial Hardship
best free recipe app,260,210,390,86%,Technology - Apps - Free - Recipe,Health & Safety
drink delivery app,170,210,390,86%,Technology - Apps - Alcohol - Delivery - Bartending,Entertainment
drinks delivery app,170,210,390,86%,Technology - Apps - Delivery - Bartending,Entertainment
ipad recipe app,140,140,260,86%,Technology - Apps - Cooking - Recipe,Health & Safety
recipe apps for ipad,140,140,260,86%,Technology - Apps - Cooking - Recipe,Health & Safety
recipe book app,320,390,720,85%,Technology - Apps - Cooking - Books - Recipe,Health & Safety
drizly app,1000,4400,8100,84%,Technology - Apps,Health & Safety
best alcohol delivery app,170,480,880,83%,Technology - Apps - Alcohol - Delivery,Health & Safety
cancel netflix subscription,4400,3600,6600,83%,Technology - Subscriptions - Cancel,Financial Hardship
free apps to help you sleep,480,480,880,83%,Technology - Apps - Mental Health,Health & Safety
house party download,1300,6600,12100,83%,Technology - Apps - Chat - Video,Entertainment
how does houseparty work,140,5400,9900,83%,Technology - Apps - Chat - Video - QuestionQuestion,Entertainment
instacart shopper app,2900,6600,12100,83%,Technology - Apps - Grocery,Health & Safety
messenger video call,720,2400,4400,83%,Technology - Apps - Chat - Video,Health & Safety
online poker for money,1600,5400,9900,83%,Technology - Apps - Poker,Entertainment
party app,1000,2400,4400,83%,Technology - Apps - Chat - Video,Entertainment
instacart promo code,90500,368000,673000,83%,Technology - Apps - Grocery,Health & Safety
house party game,27100,60500,110000,82%,Technology - Apps - Chat - Video,Communication
instacart app,8100,60500,110000,82%,Technology - Apps - Grocery,Health & Safety
justalk app,260,720,1300,81%,Technology - Apps - Chat - Video,Health & Safety
video chat games app,50,720,1300,81%,Technology - Apps - Chat - Video,Health & Safety
diet recipes app,70,50,90,80%,Technology - Apps - Cooking - Recipe,Health & Safety
facetime talk,30,50,90,80%,Technology - Apps - Chat - Video,Health & Safety
free home workout apps for iphone,20,50,90,80%,Technology - Apps - Free - Workout,Health & Safety
home cooking app,70,50,90,80%,Technology - Apps - Cooking,Health & Safety
recipe of the day app,70,50,90,80%,Technology - Apps - Cooking - Recipe,Health & Safety
bakery recipe app,40,40,70,75%,Technology - Apps - Cooking - Recipe,Health & Safety
cool things for home office,20,40,70,75%,Technology - Remote Work - Office,Health & Safety
food cooking app,50,40,70,75%,Technology - Apps - Cooking - Food,Health & Safety
food cooking apps,50,40,70,75%,Technology - Apps - Cooking - Food,Health & Safety
home office ideas for two desks,40,40,70,75%,Technology - Remote Work - Office,Health & Safety
cookbook app review,20,30,50,67%,Technology - Apps - Cooking - Books,Health & Safety
food shopping delivery app,10,30,50,67%,Technology - Apps - Delivery - Food,Health & Safety
it home office,20,30,50,67%,Technology - Remote Work - Office,Health & Safety
must have home office supplies,10,30,50,67%,Technology - Remote Work - Office,Health & Safety
recipe suggestion app,10,30,50,67%,Technology - Apps - Cooking - Recipe,Health & Safety
what to cook with what i have app,30,30,50,67%,Technology - Apps - Cooking - Question,Health & Safety
cancel my subscription,880,1000,1600,60%,Technology - Subscriptions - Cancel,Financial Hardship
free relaxation apps,720,1000,1600,60%,Technology - Apps - Mental Health,Health & Safety
how do i cancel an app subscription,1000,1000,1600,60%,Technology - Subscriptions - Cancel - Question,Financial Hardship
mens home office,720,1000,1600,60%,Technology - Remote Work - Office,Health & Safety
best free reverse phone lookup app,40,70,110,57%,Technology - Apps - Free,Health & Safety
cancel music subscription,70,70,110,57%,Technology - Subscriptions - Cancel,Financial Hardship
facetime video calling android,10,70,110,57%,Technology - Apps - Chat - Video,Health & Safety
how to cancel my account,70,70,110,57%,Technology - Subscriptions - Cancel - Question,Financial Hardship
i want to cancel my subscription,70,70,110,57%,Technology - Subscriptions - Cancel,Financial Hardship
just talk app review,30,70,110,57%,Technology - Apps - Chat - Video,Health & Safety
3 way video call facebook messenger,30,110,170,55%,Technology - Apps - Chat - Video,Health & Safety
android recipe app,110,110,170,55%,Technology - Apps - Cooking - Recipe,Health & Safety
facetime on,50,110,170,55%,Technology - Apps - Chat - Video,Health & Safety
app that shops for you,110,170,260,53%,Technology - Apps - Grocery,Health & Safety
best food recipe apps,140,170,260,53%,Technology - Apps - Cooking - Recipe - Food,Health & Safety
best home office lighting for computer work,140,170,260,53%,Technology - Remote Work - Office,Health & Safety
free movie app on roku,170,170,260,53%,Technology - Apps - Movies - Free,Entertainment
house party facetime app,70,170,260,53%,Technology - Apps - Chat - Video,Entertainment
which app delivers alcohol,50,170,260,53%,Technology - Apps - Alcohol - Delivery,Health & Safety
best desk setup,1300,1900,2900,53%,Technology - Remote Work - Office,Health & Safety
best free sleep apps,1900,1900,2900,53%,Technology - Apps - Free,Health & Safety
desk setup ideas,1300,1900,2900,53%,Technology - Remote Work - Office,Health & Safety
free home workout apps,260,1900,2900,53%,Technology - Apps - Free - Workout,Health & Safety
free poker apps,1300,1900,2900,53%,Technology - Apps - Poker,Entertainment
home office ideas for her,1000,1900,2900,53%,Technology - Remote Work - Office,Health & Safety
home office set,1300,1900,2900,53%,Technology - Remote Work - Office,Health & Safety
cocktail recipe app,110,210,320,52%,Technology - Apps - Recipe - Bartending,Health & Safety
free face chat,110,210,320,52%,Technology - Apps - Chat - Video,Health & Safety
free stress relief apps,140,210,320,52%,Technology - Apps - Mental Health,Health & Safety
fresh direct free delivery,70,210,320,52%,Technology - Apps - Grocery - Delivery,Health & Safety
beer delivery app,1300,2900,4400,52%,Technology - Apps - Delivery,Health & Safety
best online poker,1300,2900,4400,52%,Technology - Apps - Poker,Entertainment
best poker app,1600,2900,4400,52%,Technology - Apps - Poker,Entertainment
house party app for android,30,2900,4400,52%,Technology - Apps - Chat - Video,Entertainment
video chat background,70,2900,4400,52%,Technology - Apps - Chat - Video,Health & Safety
best at home office chair,30,390,590,51%,Technology - Remote Work - Office,Health & Safety
booze delivery app,170,390,590,51%,Technology - Apps - Delivery,Health & Safety
cool home office desks,170,390,590,51%,Technology - Remote Work - Office,Health & Safety
free recipe apps,590,390,590,51%,Technology - Apps - Cooking - Recipe,Health & Safety
free workout apps for iphone,210,390,590,51%,Technology - Apps - Free - Workout,Health & Safety
how do i cancel my subscription,390,390,590,51%,Technology - Subscriptions - Cancel - Question,Financial Hardship
how to cancel espn subscription,720,390,590,51%,Technology - Subscriptions - Cancel - Question,Financial Hardship
2 player drinking games app,260,480,720,50%,Technology - Apps - Alcohol - Bartending,Entertainment
android recipe,30,20,30,50%,Technology - Apps - Cooking - Recipe,Health & Safety
apps that deliver food in my area,10,20,30,50%,Technology - Apps - Delivery - Food,Health & Safety
bartender drink app,40,20,30,50%,Technology - Apps - Alcohol - Bartending,Entertainment
best cookbook app,90,140,210,50%,Technology - Apps - Cooking - Books,Health & Safety
best drinking apps,140,260,390,50%,Technology - App - Grocery - Bartending,Health & Safety
best free weight loss apps,5400,4400,6600,50%,Technology - Apps - Free,Health & Safety
best headset for remote workers,10,20,30,50%,Technology - Remote Work - Headset,Communication
best home office chair,2400,14800,22200,50%,Technology - Remote Work - Office,Health & Safety
best home office desk chair,320,1600,2400,50%,Technology - Remote Work - Office,Health & Safety
best laptop for home use,2900,3600,5400,50%,Technology - Remote Work - Laptop,Health & Safety
best recipe app,3600,3600,5400,50%,Technology - Apps - Cooking - Recipe,Entertainment
cancel cbs all access,18100,14800,22200,50%,Technology - Subscriptions - Cancel,Financial Hardship
cancel gamestop order,720,4400,6600,50%,0,0
cancel offer ebay,5400,5400,8100,50%,Technology - Subscriptions - Cancel,Financial Hardship
completely free workout apps,320,480,720,50%,Technology - Apps - Free - Workout,Health & Safety
drizly retailer app,260,480,720,50%,Technology - Apps,Health & Safety
facetalk,90,260,390,50%,Technology - Apps - Chat - Video,Health & Safety
facetime on lg,10,20,30,50%,Technology - Apps - Chat - Video,Health & Safety
facetime on lg phone,40,140,210,50%,Technology - Apps - Chat - Video,Health & Safety
free amazon prime account,1000,1600,2400,50%,Technology - Apps - Free - Amazon,Entertainment
free diet apps,1900,1600,2400,50%,Technology - Apps - Free,Health & Safety
free movie apps for iphone,5400,5400,8100,50%,Technology - Apps - Movies - Free,Entertainment
free online poker no download,1600,2400,3600,50%,Technology - Apps - Poker,Entertainment
free sleep apps,4400,4400,6600,50%,Technology - Apps - Free,Entertainment
fun apps to play with friends,590,2400,3600,50%,Technology - Apps - Multiplayer Games,Entertainment
games with friends app,480,3600,5400,50%,Technology - Apps - Multiplayer Games,Entertainment
good laptop for home use,170,260,390,50%,Technology - Remote Work - Laptop,Health & Safety
hd video call app,20,20,30,50%,Technology - Apps - Chat - Video,Health & Safety
home file storage,170,140,210,50%,Technology - Remote Work,Entertainment
home office,33100,110000,165000,50%,Technology - Remote Work - Office,Health & Safety
home office equipment essentials,10,20,30,50%,Technology - Remote Work - Office,Health & Safety
home study ideas,320,320,480,50%,Technology - Remote Work,Health & Safety
houseparty app data usage,10,20,30,50%,Technology - Apps - Chat - Video,Entertainment
houseparty app users,10,20,30,50%,Technology - Apps - Chat - Video,Entertainment
how does the stop and shop app work,10,20,30,50%,Technology - Apps - Question,Health & Safety
i want to facetime,70,140,210,50%,Technology - Apps - Chat - Video,Health & Safety
instacart shopping app,90,320,480,50%,Technology - Apps,Health & Safety
ipad cooking app,30,20,30,50%,Technology - Apps - Cooking,Health & Safety
long home office desk,170,260,390,50%,Technology - Remote Work - Office,Health & Safety
make a facetime call,90,480,720,50%,Technology - Apps - Chat - Video,Health & Safety
recipe app,4400,4400,6600,50%,Technology - Apps - Cooking - Recipe,Entertainment
recipe sharing app,110,260,390,50%,Technology - Apps - Cooking - Recipe,Health & Safety
s6 video call,10,20,30,50%,Technology - Apps - Chat - Video,Health & Safety
small home office ideas,3600,5400,8100,50%,Technology - Remote Work - Office,Health & Safety
store pickup app,10,20,30,50%,Technology - Apps,Health & Safety
things to make at home,1000,4400,6600,50%,Technology - Remote Work - Office,Health & Safety
video chat etiquette,10,260,390,50%,Technology - Apps - Chat - Video,Health & Safety
what is the best delivery app,170,260,390,50%,Technology - Apps - Delivery - Question,Health & Safety
which is best food delivery app,10,20,30,50%,Technology - Apps - Delivery - Food,Health & Safety
how to cancel subscriptions,14800,18100,27100,50%,Technology - Subscriptions - Cancel - Question,Financial Hardship
facetime call,3600,9900,14800,49%,Technology - Apps - Chat - Video,Health & Safety
free weight loss apps,9900,9900,14800,49%,Technology - Apps - Free,Health & Safety
how to cancel app subscription,9900,9900,14800,49%,Technology - Subscriptions - Cancel - Question,Financial Hardship
home office organization,9900,8100,12100,49%,Technology - Remote Work - Office,Health & Safety
how to cancel cbs all access,9900,8100,12100,49%,Technology - Subscriptions - Cancel - Question,Financial Hardship
video chat games,140,8100,12100,49%,Technology - Apps - Chat - Video,Health & Safety
instacart,823000,6120000,9140000,49%,Technology - Apps - Grocery,Health & Safety
alcohol app,480,590,880,49%,Technology - Apps - Alcohol,Health & Safety
best free workout apps for weight loss,590,590,880,49%,Technology - Apps - Free - Workout,Health & Safety
games like house party,480,590,880,49%,Technology - Apps - Chat - Video,Entertainment
home office ideas,74000,165000,246000,49%,Technology - Remote Work - Office,Health & Safety
home office desk,60500,135000,201000,49%,Technology - Remote Work - Office,Health & Safety
cool home office ideas,590,880,1300,48%,Technology - Remote Work - Office,Health & Safety
how do i cancel a subscription,1000,880,1300,48%,Technology - Subscriptions - Cancel - Question,Financial Hardship
how do you cancel a subscription,720,880,1300,48%,Technology - Subscriptions - Cancel - Question,Financial Hardship
standing desk with storage,720,880,1300,48%,Technology - Remote Work - Office,Health & Safety
best cooking apps,880,1300,1900,46%,Technology - Apps - Cooking,Health & Safety
drinking apps,880,1300,1900,46%,Technology - Apps - Alcohol - Bartending,Entertainment
online cookbook,880,1300,1900,46%,Technology - Apps - Cooking - Books,Health & Safety
decorating your home office,10,50,70,40%,Technology - Remote Work - Office,Health & Safety
facetime software,20,50,70,40%,Technology - Apps - Chat - Video,Health & Safety
free video call app download,20,50,70,40%,Technology - Apps - Chat - Video,Health & Safety
justalk app review,20,50,70,40%,Technology - Apps - Chat - Video,Health & Safety
things every home office should have,30,50,70,40%,Technology - Remote Work - Office,Health & Safety
what food delivery app is the best,90,50,70,40%,Technology - Apps - Delivery - Food - Question,Health & Safety
what is the best headset for working from home,10,50,70,40%,Technology - Remote Work - Headset - Question,Communication
shopping delivery app,320,720,1000,39%,Technology - Apps - Grocery - Delivery,Health & Safety
app that brings groceries to you,40,30,40,33%,Technology - Apps - Grocery,Health & Safety
cancel box account,20,30,40,33%,Technology - Subscriptions - Cancel,Financial Hardship
i would like to cancel my subscription,20,30,40,33%,Technology - Subscriptions - Cancel,Financial Hardship
video calling appa,10,30,40,33%,Technology - Apps - Chat - Video,Health & Safety
best free diet app,1300,1000,1300,30%,Technology - Apps - Free,Health & Safety
best poker app real money,590,1000,1300,30%,Technology - Apps - Poker,Entertainment
cancel subscription app store,880,1000,1300,30%,Technology - Subscriptions - Cancel,Financial Hardship
facetime phone,320,1000,1300,30%,Technology - Apps - Chat - Video,Health & Safety
free guided meditation for sleep,1000,1000,1300,30%,Technology - Apps - Mental Health,Health & Safety
free workout plan app,1000,1000,1300,30%,Technology - Apps - Free - Workout,Health & Safety
free workout plans app,1000,1000,1300,30%,Technology - Apps - Free - Workout,Health & Safety
home office for two,590,1000,1300,30%,Technology - Remote Work - Office,Health & Safety
home office ideas for small spaces,480,1000,1300,30%,Technology - Remote Work - Office,Health & Safety
home office space,390,1000,1300,30%,Technology - Remote Work - Office,Health & Safety
online cash poker,720,1000,1300,30%,Technology - Apps - Poker,Entertainment
online game app,390,1000,1300,30%,Technology - Apps - Multiplayer Games,Entertainment
viber video call,170,1000,1300,30%,Technology - Apps - Chat - Video,Health & Safety
apps that deliver alcohol near me,20,70,90,29%,Technology - Apps - Alcohol - Delivery,Health & Safety
at home office decor,40,70,90,29%,Technology - Remote Work - Office,Health & Safety
cooking learning app,30,70,90,29%,Technology - Apps - Cooking,Health & Safety
delivery apps in my area,50,70,90,29%,Technology - Apps - Delivery,Health & Safety
facetime version,10,70,90,29%,Technology - Apps - Chat - Video,Health & Safety
justalk reviews,10,70,90,29%,Technology - Apps - Chat - Video,Health & Safety
local food delivery app,40,70,90,29%,Technology - Apps - Delivery - Food,Health & Safety
local food delivery apps,40,70,90,29%,Technology - Apps - Delivery - Food,Health & Safety
video calling video,20,70,90,29%,Technology - Apps - Chat - Video,Health & Safety
what to make for dinner app,40,70,90,29%,Technology - Apps - Cooking - Question,Health & Safety
best home technology,90,110,140,27%,Technology - Remote Work - Office,Health & Safety
food service app,140,110,140,27%,Technology - Apps - Food,Health & Safety
food service apps,140,110,140,27%,Technology - Apps - Food,Health & Safety
free roku remote app,90,110,140,27%,Technology - Apps - Free,Entertainment
group party app,10,110,140,27%,Technology - Apps - Chat - Video,Entertainment
how do i cancel my account,90,110,140,27%,Technology - Subscriptions - Cancel - Question,Financial Hardship
please cancel my subscription,50,110,140,27%,Technology - Subscriptions - Cancel,Financial Hardship
recipe app for iphone,110,110,140,27%,Technology - Apps - Cooking - Recipe,Health & Safety
video call application,40,110,140,27%,Technology - Apps - Chat - Video,Health & Safety
video chat movie app,10,110,140,27%,Technology - Apps - Chat - Video,Health & Safety
amazon prime free ebooks,1000,1900,2400,26%,Technology - Apps - Free - Amazon - Books,Entertainment
best free exercise apps,1000,1900,2400,26%,Technology - Apps - Free,Health & Safety
cool home office,720,1900,2400,26%,Technology - Remote Work - Office,Health & Safety
home office ideas for him,1000,1900,2400,26%,Technology - Remote Work - Office,Health & Safety
home office organization ideas,1300,1900,2400,26%,Technology - Remote Work - Office,Health & Safety
home office table,590,1900,2400,26%,Technology - Remote Work - Office,Health & Safety
laptop desk setup,1600,1900,2400,26%,Technology - Remote Work - Office,Health & Safety
party game apps,880,1900,2400,26%,Technology - Apps - Multiplayer Games,Entertainment
real poker online,1300,1900,2400,26%,Technology - Apps - Poker,Entertainment
chat and video call app,20,40,50,25%,Technology - Apps - Chat - Video,Health & Safety
cookbook recipes app,40,40,50,25%,Technology - Apps - Cooking - Books - Recipe,Health & Safety
facetime android to ipad,10,40,50,25%,Technology - Apps - Chat - Video,Health & Safety
facetime play store,20,40,50,25%,Technology - Apps - Chat - Video,Health & Safety
high quality desks for home office,20,40,50,25%,Technology - Remote Work - Office,Health & Safety
home office supplies near me,20,40,50,25%,Technology - Remote Work - Office,Health & Safety
how to cancel monthly app subscription,40,40,50,25%,Technology - Subscriptions - Cancel - Question,Financial Hardship
is video calling free,10,40,50,25%,Technology - Apps - Chat - Video,Health & Safety
best home computer,2400,2900,3600,24%,Technology - Remote Work,Entertainment
cancel facebook,2900,2900,3600,24%,0,0
family game apps,480,2900,3600,24%,Technology - Apps - Multiplayer Games,Entertainment
free sleep meditation,2400,2900,3600,24%,Technology - Apps - Mental Health,Health & Safety
fun game apps,1900,2900,3600,24%,Technology - Apps - Multiplayer Games,Entertainment
home office lighting,1600,2900,3600,24%,Technology - Remote Work - Office,Health & Safety
home office setup ideas,1000,2900,3600,24%,Technology - Remote Work - Office,Health & Safety
is instacart free,590,2900,3600,24%,Technology - Apps - Grocery,Health & Safety
video call online,1300,2900,3600,24%,Technology - Apps - Chat - Video,Health & Safety
facetime on samsung tablet,30,210,260,24%,Technology - Apps - Chat - Video,Health & Safety
how to cancel account,140,210,260,24%,Technology - Subscriptions - Cancel - Question,Financial Hardship
instacart delivery driver app,70,210,260,24%,Technology - Apps - Grocery - Delivery,Health & Safety
laptop home office setup,50,210,260,24%,Technology - Office - Office - Laptop,Health & Safety
best free sleep meditation apps,140,170,210,24%,Technology - Apps - Mental Health,Health & Safety
best headset work from home,10,170,210,24%,Technology - Remote Work - Headset,Communication
cooking recipes app,110,170,210,24%,Technology - Apps - Cooking - Recipe,Health & Safety
facetime for android tablet,20,170,210,24%,Technology - Apps - Chat - Video,Health & Safety
free cooking apps,110,170,210,24%,Technology - Apps - Cooking,Health & Safety
on demand delivery app,110,170,210,24%,Technology - Apps - Delivery,Health & Safety
video chat netflix,10,170,210,24%,Technology - Apps - Chat - Video,Health & Safety
what is the best laptop to buy for home use,140,170,210,24%,Technology - Remote Work - Laptop - Question,Health & Safety
affordable desks for home office,70,260,320,23%,Technology - Remote Work - Office,Health & Safety
app delivery,260,390,480,23%,Technology - Apps - Grocery - Delivery,Health & Safety
best desktop for home office,210,390,480,23%,Technology - Remote Work - Office,Health & Safety
best free workout apps for men,1600,1300,1600,23%,Technology - Apps - Free - Workout,Health & Safety
best healthy recipe app,260,260,320,23%,Technology - Apps - Cooking - Recipe,Health & Safety
best laptop for basic home use,390,390,480,23%,Technology - Remote Work - Laptop,Health & Safety
convenience store delivery app,320,260,320,23%,Technology - Apps - Grocery - Delivery,Health & Safety
does samsung have facetime,390,1300,1600,23%,Technology - Apps - Chat - Video,Health & Safety
face call app,90,260,320,23%,Technology - Apps - Chat - Video,Health & Safety
facetime app for android and iphone,70,390,480,23%,Technology - Apps - Chat - Video,Health & Safety
house party video chat,50,1300,1600,23%,Technology - Apps - Chat - Video,Communication
how to cancel my subscription,260,390,480,23%,Technology - Subscriptions - Cancel - Question,Financial Hardship
is there facetime for android,170,1300,1600,23%,Technology - Apps - Chat - Video,Health & Safety
just talk app,480,1300,1600,23%,Technology - Apps - Chat - Video,Health & Safety
office setup ideas,1300,1300,1600,23%,Technology - Remote Work - Office,Health & Safety
shopping cart app,170,390,480,23%,Technology - Apps - Grocery,Health & Safety
small home office decor,140,260,320,23%,Technology - Remote Work - Office,Health & Safety
video call with friends,30,260,320,23%,Technology - Apps - Chat - Video,Health & Safety
video chat on discord,90,1300,1600,23%,Technology - Apps - Chat - Video,Health & Safety
video chat platforms,90,1300,1600,23%,Technology - Apps - Chat - Video,Health & Safety
video chat through facebook,20,260,320,23%,Technology - Apps - Chat - Video,Health & Safety
what is the best laptop for home use,390,390,480,23%,Technology - Remote Work - Laptop - Question,Health & Safety
best sleep meditation app,480,480,590,23%,Technology - Apps - Mental Health,Health & Safety
built in desks for home office,390,480,590,23%,Technology - Remote Work - Office,Health & Safety
food shopping app,170,480,590,23%,Technology - Apps - Grocery - Food,Health & Safety
food shopping apps,170,480,590,23%,Technology - Apps - Grocery - Food,Health & Safety
free video poker app,320,480,590,23%,Technology - Apps - Poker - Video,Entertainment
home office built in desk,390,480,590,23%,Technology - Remote Work - Office,Health & Safety
samsung galaxy facetime,170,480,590,23%,Technology - Apps - Chat - Video,Health & Safety
video chat apps for kids,90,480,590,23%,Technology - Apps - Chat - Video,Health & Safety
best video calling app,1900,6600,8100,23%,Technology - Apps - Chat - Video,Health & Safety
facetime app,22200,110000,135000,23%,Technology - Apps - Chat - Video,Health & Safety
food ordering apps,3600,4400,5400,23%,Technology - Apps - Ordering - Food,Health & Safety
free exercise apps,2900,6600,8100,23%,Technology - Apps - Free,Health & Safety
home office storage,2400,4400,5400,23%,Technology - Remote Work - Office,Health & Safety
how to get amazon prime for free,3600,4400,5400,23%,Technology - Apps - Free - Amazon - Question,Entertainment
online poker sites,1600,4400,5400,23%,Technology - Apps - Poker,Entertainment
play poker online,4400,6600,8100,23%,Technology - Apps - Poker,Entertainment
poker games online,2900,6600,8100,23%,Technology - Apps - Poker,Entertainment
best free workout apps,12100,18100,22200,23%,Technology - Apps - Free - Workout,Health & Safety
home office setup,4400,18100,22200,23%,Technology - Remote Work - Office,Health & Safety
video call app,5400,18100,22200,23%,Technology - Apps - Chat - Video,Health & Safety
best free movies on amazon prime,22200,33100,40500,22%,Technology - Apps - Movies- Free - Amazon,Entertainment
free workout apps,18100,33100,40500,22%,Technology - Apps - Free - Workout,Health & Safety
headspace app,18100,33100,40500,22%,Technology - Apps - Mental Health,Health & Safety
amazon prime free books,6600,12100,14800,22%,Technology - Apps - Free - Amazon - Books,Entertainment
cancel subscription,12100,12100,14800,22%,Technology - Subscriptions - Cancel,Financial Hardship
headspace meditation,12100,12100,14800,22%,Technology - Apps - Mental Health,Health & Safety
what is houseparty app,390,12100,14800,22%,Technology - Apps - Chat - Video - Question,Entertainment
amazon prime movies free,60500,74000,90500,22%,Technology - Apps - Movies- Free - Amazon,Entertainment
best food delivery app,9900,14800,18100,22%,Technology - Apps - Delivery - Food,Health & Safety
cancel subscription iphone,12100,14800,18100,22%,Technology - Subscriptions - Cancel,Financial Hardship
headspace free,2900,14800,18100,22%,Technology - Apps - Mental Health,Health & Safety
what is instacart,14800,74000,90500,22%,Technology - Apps - Grocery - Question,Health & Safety
how to use zoom,5400,301000,368000,22%,Technology - Communication - Zoom - Question,Communication
alcohol delivery app,3600,9900,12100,22%,Technology - App - Grocery - Alcohol - Delivery,Health & Safety
amazon prime free kindle books,2400,3600,4400,22%,Technology - Apps - Free - Amazon - Books,Entertainment
amazon prime video free,2900,5400,6600,22%,Technology - Apps - Free - Amazon - Video,Entertainment
best free cooking apps,50,90,110,22%,Technology - Apps - Cooking,Health & Safety
best online poker sites,3600,9900,12100,22%,Technology - Apps - Poker,Entertainment
cancel apple subscriptions,8100,9900,12100,22%,Technology - Subscriptions - Cancel,Financial Hardship
cancel itunes subscription,5400,5400,6600,22%,Technology - Subscriptions - Cancel,Financial Hardship
cancel my account,480,720,880,22%,Technology - Subscriptions - Cancel,Financial Hardship
cancel prime video,2900,3600,4400,22%,Technology - Subscriptions - Cancel,Financial Hardship
creating a home office,170,720,880,22%,Technology - Remote Work - Office,Health & Safety
face video call,20,90,110,22%,Technology - Apps - Chat - Video,Health & Safety
facetime chat app,20,90,110,22%,Technology - Apps - Chat - Video,Health & Safety
free sleep meditation apps,480,720,880,22%,Technology - Apps - Mental Health,Health & Safety
free weather apps,14800,8100,9900,22%,Technology - Apps - Free,Entertainment
grocery app,2900,5400,6600,22%,Technology - Apps - Grocery,Health & Safety
grocery shopping app,2900,5400,6600,22%,Technology - Apps - Grocery,Health & Safety
home office decor ideas,2900,5400,6600,22%,Technology - Remote Work - Office,Health & Safety
home office desk ideas,2900,5400,6600,22%,Technology - Remote Work - Office,Health & Safety
home office furniture ideas,590,720,880,22%,Technology - Remote Work - Office,Health & Safety
home office ideas for two,390,720,880,22%,Technology - Remote Work - Office,Health & Safety
home office inspiration,1300,3600,4400,22%,Technology - Remote Work - Office,Health & Safety
home office must haves,260,720,880,22%,Technology - Remote Work - Office,Health & Safety
home office storage ideas,590,720,880,22%,Technology - Remote Work - Office,Health & Safety
home office supplies,1300,3600,4400,22%,Technology - Remote Work - Office,Health & Safety
how to cancel apple subscriptions,6600,9900,12100,22%,Technology - Subscriptions - Cancel - Question,Financial Hardship
how to cancel itunes subscription,5400,5400,6600,22%,Technology - Subscriptions - Cancel - Question,Financial Hardship
how to cancel subscriptions on iphone,40500,49500,60500,22%,Technology - Subscriptions - Cancel - Question,Financial Hardship
instacart coupon,12100,40500,49500,22%,Technology - Apps - Grocery,Health & Safety
instacart free trial,480,3600,4400,22%,Technology - Apps - Grocery,Health & Safety
instacart reviews,14800,49500,60500,22%,Technology - Apps - Grocery,Health & Safety
is amazon prime video free,2900,5400,6600,22%,Technology - Apps - Free - Amazon - Video,Entertainment
liquor delivery app,1300,3600,4400,22%,Technology - Apps - Alcohol - Delivery,Health & Safety
minibar app,170,720,880,22%,Technology - Apps,Health & Safety
online recipe book,590,720,880,22%,Technology - Apps - Cooking - Books - Recipe,Health & Safety
poker app,3600,8100,9900,22%,Technology - Apps - Poker,Entertainment
postmates app,3600,5400,6600,22%,Technology - Apps,Entertainment
quality home office furniture,50,90,110,22%,Technology - Remote Work - Office,Health & Safety
running apps free,1300,3600,4400,22%,Technology - Apps - Free,Entertainment
samsung video call,2900,8100,9900,22%,Technology - Apps - Chat - Video,Health & Safety
top free movies on amazon prime,1900,3600,4400,22%,Technology - Apps - Movies- Free - Amazon,Entertainment
video call,18100,40500,49500,22%,Technology - Apps - Chat - Video,Health & Safety
video call on laptop,140,720,880,22%,Technology - Apps - Chat - Video,Health & Safety
grocery delivery app,8100,27100,33100,22%,Technology - Apps - Grocery - Delivery,Health & Safety
best wireless headset for working from home,40,590,720,22%,Technology - Remote Work - Headset,Communication
face chat app,170,590,720,22%,Technology - Apps - Chat - Video,Health & Safety
home office desk with storage,480,590,720,22%,Technology - Remote Work - Office,Health & Safety
home office with 2 desks,320,590,720,22%,Technology - Remote Work - Office,Health & Safety
recipe maker app,260,590,720,22%,Technology - Apps - Cooking - Recipe,Health & Safety
alcohol delivery app near me,170,320,390,22%,Technology - Apps - Alcohol - Delivery,Health & Safety
best laptop for home business,260,320,390,22%,Technology - Remote Work - Laptop,Health & Safety
free breathing app,170,320,390,22%,Technology - Apps - Mental Health,Health & Safety
free diet plan apps,320,320,390,22%,Technology - Apps - Free,Health & Safety
home office items,50,320,390,22%,Technology - Remote Work - Office,Health & Safety
home office needs,50,320,390,22%,Technology - Remote Work - Office,Health & Safety
jus talk,140,320,390,22%,Technology - Apps - Chat - Video,Health & Safety
top free apps,320,320,390,22%,Technology - Apps - Mental Health,Health & Safety
dinner app,170,140,170,21%,Technology - Apps - Cooking,Health & Safety
drinking games for couples app,110,140,170,21%,Technology - Apps - Alcohol - Bartending,Entertainment
enter ingredients get recipe app,50,140,170,21%,Technology - Apps - Cooking - Recipe,Health & Safety
facetime phone call,70,140,170,21%,Technology - Apps - Chat - Video,Health & Safety
video chat tips,10,140,170,21%,Technology - Apps - Chat - Video,Health & Safety
best free at home workout apps,480,2400,2900,21%,Technology - Apps - Free - Workout,Health & Safety
best free home workout app,480,2400,2900,21%,Technology - Apps - Free - Workout,Health & Safety
best home office setup,480,2400,2900,21%,Technology - Remote Work - Office,Health & Safety
cancel app subscription,2400,2400,2900,21%,Technology - Subscriptions - Cancel,Financial Hardship
cooking app,1900,2400,2900,21%,Technology - Apps - Cooking,Health & Safety
facetime video,880,2400,2900,21%,Technology - Apps - Chat - Video,Health & Safety
free movie apps for roku,1900,2400,2900,21%,Technology - Apps - Movies - Free,Entertainment
play poker online free,1900,2400,2900,21%,Technology - Apps - Poker,Entertainment
roku free movie apps,1900,2400,2900,21%,Technology - Apps - Movies - Free,Entertainment
work from home headset,210,2400,2900,21%,Technology - Remote Work,Communication
free workout apps for women,880,1600,1900,19%,Technology - Apps - Free - Workout,Health & Safety
home office desk for two,880,1600,1900,19%,Technology - Remote Work - Office,Health & Safety
what is fresh direct,260,1600,1900,19%,Technology - Apps - Grocery - Question,Health & Safety
best drinking game apps,480,880,1000,14%,Technology - Apps - Alcohol - Bartending,Entertainment
best game apps for adults,590,880,1000,14%,Technology - Apps - Multiplayer Games,Entertainment
facetime chat,260,880,1000,14%,Technology - Apps - Chat - Video,Health & Safety
free delivery app,260,880,1000,14%,Technology - Apps - Delivery,Health & Safety
wine delivery app,260,880,1000,14%,Technology - Apps - Delivery,Health & Safety
3 card poker online,880,880,880,0%,Technology - Apps - Poker,Entertainment
3 monitor standing desk,390,390,390,0%,Technology - Remote Work - Office,Health & Safety
adjustable home office desk,210,880,880,0%,Technology - Remote Work - Office,Health & Safety
alcohol beverage app,10,10,10,0%,Technology - Apps - Alcohol,Health & Safety
all food delivery apps,170,320,320,0%,Technology - Apps - Delivery - Food,Health & Safety
amazon prime free audiobooks,2900,2900,2900,0%,Technology - Apps - Free - Amazon - Books,Entertainment
amazon prime free movies list,1000,2400,2400,0%,Technology - Apps - Movies- Free - Amazon,Entertainment
amazon prime free trial,33100,49500,49500,0%,Technology - Apps - Free - Amazon,Entertainment
android app compatible with facetime,50,170,170,0%,Technology - Apps - Chat - Video,Health & Safety
app for easy recipes,10,10,10,0%,Technology - Apps - Cooking - Recipe,Health & Safety
app games to play with friends online,480,4400,4400,0%,Technology - Apps - Multiplayer Games,Entertainment
app store free games,2900,4400,4400,0%,Technology - Apps - Free,Entertainment
app that brings you anything,20,10,10,0%,Technology - Apps,Health & Safety
app that brings you things,50,10,10,0%,Technology - Apps,Health & Safety
app that delivers anything,480,390,390,0%,Technology - Apps - Delivery,Health & Safety
app that delivers food without credit card,20,30,30,0%,Technology - Apps - Delivery - Food,Health & Safety
app that delivers junk food,20,10,10,0%,Technology - Apps - Delivery - Food,Health & Safety
app where someone brings you groceries,10,10,10,0%,Technology - Apps - Grocery,Health & Safety
app where someone shops for you,20,70,70,0%,Technology - Apps,Health & Safety
app with recipes,10,10,10,0%,Technology - Apps - Cooking - Recipe,Health & Safety
apps for anxiety,2900,3600,3600,0%,Technology - Apps - Mental Health,Health & Safety
apps like facetime,210,1000,1000,0%,Technology - Apps - Chat - Video,Health & Safety
apps that deliver anything,480,390,390,0%,Technology - Apps - Delivery,Health & Safety
apps to watch free movies,6600,9900,9900,0%,Technology - Apps - Movies - Free,Entertainment
apps you can play with friends,390,2900,2900,0%,Technology - Apps - Multiplayer Games,Entertainment
at home office,720,1900,1900,0%,Technology - Remote Work - Office,Health & Safety
at work office decorating ideas,10,10,10,0%,Technology - Remote Work - Office,Communication
beer ordering app,140,260,260,0%,Technology - Apps - Ordering,Health & Safety
beer price app,10,10,10,0%,Technology - Apps,Health & Safety
best alcohol apps for iphone,10,10,10,0%,Technology - Apps - Alcohol,Health & Safety
best app delivery,10,20,20,0%,Technology - Apps - Delivery,Health & Safety
best app for cookbook,10,10,10,0%,Technology - Apps - Cooking - Books,Health & Safety
best app for food shopping,10,10,10,0%,Technology - Apps - Food,Health & Safety
best app for recipes and grocery list,10,10,10,0%,Technology - Apps - Cooking - Recipe - Grocery,Health & Safety
best apps for anxiety,1600,1600,1600,0%,Technology - Apps - Mental Health,Health & Safety
best exercise and diet app free,10,10,10,0%,Technology - Apps - Free,Health & Safety
best facetime app,390,1900,1900,0%,Technology - Apps - Chat - Video,Health & Safety
best food and drink apps,10,10,10,0%,Technology - Apps - Alcohol - Food - Bartending,Health & Safety
best food recipe apps for iphone,10,10,10,0%,Technology - Apps - Cooking - Recipe - Food,Health & Safety
best free apple watch apps,1000,880,880,0%,Technology - Apps - Free,Entertainment
best free apps on roku,1000,1000,1000,0%,Technology - Apps - Free,Entertainment
best free fitness apps,3600,4400,4400,0%,Technology - Apps - Free,Health & Safety
best free game apps,1600,2400,2400,0%,Technology - Apps - Free,Entertainment
best free meditation apps,6600,8100,8100,0%,Technology - Apps - Mental Health,Health & Safety
best free movie app,6600,8100,8100,0%,Technology - Apps - Movies - Free,Entertainment
best free music app for iphone,2400,2400,2400,0%,Technology - Apps - Free,Entertainment
best free project management app,260,260,260,0%,Technology - Apps - Free,Health & Safety
best free radio app for android,320,210,210,0%,Technology - Apps - Free,Health & Safety
best free roku apps,1000,1000,1000,0%,Technology - Apps - Free,Entertainment
best free streaming apps,2400,2400,2400,0%,Technology - Apps - Free,Entertainment
best free workout apps for iphone,1300,1600,1600,0%,Technology - Apps - Free - Workout,Health & Safety
best free workout apps for women,1900,1600,1600,0%,Technology - Apps - Free - Workout,Health & Safety
best free workout plan apps,390,320,320,0%,Technology - Apps - Free - Workout,Health & Safety
best free yoga app,2400,5400,5400,0%,Technology - Apps - Free,Health & Safety
best grocery app,390,720,720,0%,Technology - Apps - Grocery,Health & Safety
best grocery delivery app,590,6600,6600,0%,Technology - Apps - Grocery - Delivery,Health & Safety
best guided meditation app,1000,1000,1000,0%,Technology - Apps - Mental Health,Health & Safety
best happy hour app,90,70,70,0%,Technology - Apps - Chat - Video,Health & Safety
best home office,590,2400,2400,0%,Technology - Remote Work - Office,Health & Safety
best home office accessories,70,390,390,0%,Technology - Remote Work - Office,Health & Safety
best home office desk,1900,6600,6600,0%,Technology - Remote Work - Office,Health & Safety
best home office phone with wireless headset,10,20,20,0%,Technology - Remote Work,Communication
best laptop for home based work,10,10,10,0%,Technology - Remote Work - Laptop,Communication
best laptop for home office,880,1600,1600,0%,Technology - Remote Work - Office - Laptop,Health & Safety
best meditation app,14800,18100,18100,0%,Technology - Apps - Mental Health,Health & Safety
best mindfulness apps,1600,1900,1900,0%,Technology - Apps - Mental Health,Health & Safety
best online poker real money,720,1300,1300,0%,Technology - Apps - Poker,Entertainment
best pc for home office,170,260,260,0%,Technology - Remote Work - Office,Health & Safety
best phone app games,170,320,320,0%,Technology - Apps - Multiplayer Games,Entertainment
best phone for home office use,10,10,10,0%,Technology - Remote Work - Office,Health & Safety
best recipe storage app for ipad,10,10,10,0%,Technology - Apps - Cooking - Recipe,Health & Safety
best work from home desk setup,10,170,170,0%,Technology - Remote Work,Communication
can you facetime on android,2900,14800,14800,0%,Technology - Apps - Chat - Video,Health & Safety
cancel account,1600,1900,1900,0%,Technology - Subscriptions - Cancel,Financial Hardship
cancel all subscriptions,170,210,210,0%,Technology - Subscriptions - Cancel,Financial Hardship
cancel apple music,12100,14800,14800,0%,Technology - Subscriptions - Cancel,Financial Hardship
cancel bank account,170,210,210,0%,Technology - Subscriptions - Cancel,Financial Hardship
cancel find my past subscription,10,10,10,0%,Technology - Subscriptions - Cancel,Financial Hardship
cancel hulu subscription,6600,8100,8100,0%,Technology - Subscriptions - Cancel,Financial Hardship
cancel magazine subscription,880,720,720,0%,Technology - Subscriptions - Cancel,Financial Hardship
cancel my music subscription,10,10,10,0%,Technology - Subscriptions - Cancel,Financial Hardship
cancel spotify,14800,18100,18100,0%,Technology - Subscriptions - Cancel,Financial Hardship
cancel spotify premium,8100,9900,9900,0%,Technology - Subscriptions - Cancel,Financial Hardship
cancel subscription espn+,10,10,10,0%,Technology - Subscriptions - Cancel,Financial Hardship
cancel which subscription online,10,10,10,0%,Technology - Subscriptions - Cancel,Financial Hardship
cancel your account,20,20,20,0%,Technology - Subscriptions - Cancel,Financial Hardship
cancel your subscription,170,260,260,0%,Technology - Subscriptions - Cancel,Financial Hardship
cancel youtube,1300,1300,1300,0%,0,0
cancel youtube subscription,880,720,720,0%,Technology - Subscriptions - Cancel,Financial Hardship
card drinking game app,10,10,10,0%,Technology - Apps - Alcohol - Bartending,Entertainment
chat video call free,260,720,720,0%,Technology - Apps - Chat - Video,Health & Safety
cocktail recipe app android,10,10,10,0%,Technology - Apps - Recipe - Bartending,Health & Safety
cookbook recipe app for android,10,10,10,0%,Technology - Apps - Cooking - Books - Recipe,Health & Safety
cookbook recipes online,20,20,20,0%,Technology - Apps - Cooking - Books - Recipe,Health & Safety
cooking apps android,90,50,50,0%,Technology - Apps - Cooking,Health & Safety
cooking apps for android,90,50,50,0%,Technology - Apps - Cooking,Health & Safety
cooking apps for ios,10,10,10,0%,Technology - Apps - Cooking,Health & Safety
cooking apps for iphone,70,30,30,0%,Technology - Apps - Cooking,Health & Safety
cooking games app,880,1000,1000,0%,Technology - Apps - Cooking,Entertainment
cooking recipes software free download,10,10,10,0%,Technology - Apps - Cooking - Recipe,Health & Safety
daily healthy recipes app,10,10,10,0%,Technology - Apps - Cooking - Recipe,Health & Safety
delivery apps,12100,22200,22200,0%,Technology - Apps - Delivery,Entertainment
delivery apps nyc,320,480,480,0%,Technology - Apps - Delivery,Health & Safety
delivery service app,1600,2900,2900,0%,Technology - Apps - Delivery,Health & Safety
digital recipe,50,70,70,0%,Technology - Apps - Cooking - Recipe,Health & Safety
dinner made easy app,10,10,10,0%,Technology - Apps - Cooking,Health & Safety
discount wine app,10,10,10,0%,Technology - Apps,Health & Safety
door to door delivery app,10,10,10,0%,Technology - Apps - Delivery,Health & Safety
easy cooking apps,10,30,30,0%,Technology - Apps - Cooking,Health & Safety
espn+ cancel subscription,390,390,390,0%,Technology - Subscriptions - Cancel,Financial Hardship
face call,260,720,720,0%,Technology - Apps - Chat - Video,Health & Safety
face to face calling,40,170,170,0%,Technology - Apps - Chat - Video,Health & Safety
facetime app for android,2900,14800,14800,0%,Technology - Apps - Chat - Video,Health & Safety
fastest grocery delivery app,10,10,10,0%,Technology - Apps - Delivery - Grocery,Health & Safety
flexible home office furniture,10,10,10,0%,Technology - Remote Work - Office,Health & Safety
food app menu,10,10,10,0%,Technology - Apps - Food,Health & Safety
food delivery app,33100,40500,40500,0%,Technology - Apps - Delivery - Food,Health & Safety
food delivery app nyc,320,390,390,0%,Technology - Apps - Delivery - Food,Health & Safety
food pick up app,140,260,260,0%,Technology - Apps - Food,Health & Safety
food pickup apps,140,260,260,0%,Technology - Apps - Food,Health & Safety
food recipes app for android,10,10,10,0%,Technology - Apps - Cooking - Recipe - Food,Health & Safety
free amazon prime,12100,22200,22200,0%,Technology - Apps - Free - Amazon,Entertainment
free anxiety apps,480,880,880,0%,Technology - Apps - Mental Health,Health & Safety
free apps,22200,33100,33100,0%,Technology - Apps - Free,Entertainment
free apps for fire tv,170,210,210,0%,Technology - Apps - Free - TV,Entertainment
free apps for firestick,2400,2400,2400,0%,Technology - Apps - Free,Health & Safety
free audio books app,9900,9900,9900,0%,Technology - Apps - Free - Books,Entertainment
free cooking apps android,10,10,10,0%,Technology - Apps - Cooking,Health & Safety
free fitness apps,5400,12100,12100,0%,Technology - Apps - Free,Health & Safety
free game apps,12100,18100,18100,0%,Technology - Apps - Free,Entertainment
free guided meditation,2900,5400,5400,0%,Technology - Apps - Mental Health,Health & Safety
free guided meditation apps,880,880,880,0%,Technology - Apps - Free,Health & Safety
free live tv apps for roku,260,210,210,0%,Technology - Apps - Free - TV,Entertainment
free meditation,3600,8100,8100,0%,Technology - Apps - Mental Health,Health & Safety
free mindfulness apps,1000,1900,1900,0%,Technology - Apps - Mental Health,Health & Safety
free movie apps,90500,110000,110000,0%,Technology - Apps - Movies - Free,Entertainment
free movie apps for firestick,2900,3600,3600,0%,Technology - Apps - Movies - Free,Entertainment
free movie apps for ios,3600,4400,4400,0%,Technology - Apps - Movies - Free,Entertainment
free movie streaming apps,2900,2900,2900,0%,Technology - Apps - Movies - Free,Entertainment
free music apps,27100,33100,33100,0%,Technology - Apps - Free,Entertainment
free music download app,9900,9900,9900,0%,Technology - Apps - Free,Entertainment
free online video poker,1900,2400,2400,0%,Technology - Apps - Poker - Video,Entertainment
free phone app,8100,8100,8100,0%,Technology - Apps - Free,Entertainment
free radio app,2900,2900,2900,0%,Technology - Apps - Free,Entertainment
free shows on amazon prime,1000,1900,1900,0%,Technology - Apps - Free - Amazon - Question,Entertainment
free streaming apps for roku,170,210,210,0%,Technology - Apps - Free,Entertainment
free video call,1900,4400,4400,0%,Technology - Apps - Chat - Video,Health & Safety
free video calls and chat,320,590,590,0%,Technology - Apps - Chat - Video,Health & Safety
free workout apps for men,720,880,880,0%,Technology - Apps - Free - Workout,Health & Safety
free workout tracker app iphone,10,10,10,0%,Technology - Apps - Free - Workout,Health & Safety
free yoga apps,3600,8100,8100,0%,Technology - Apps - Free,Entertainment
fresh direct delivery area,140,1300,1300,0%,Technology - Apps - Grocery - Delivery,Health & Safety
fresh direct grocery delivery,20,480,480,0%,Technology - Apps - Grocery - Delivery,Health & Safety
fresh direct locations,210,590,590,0%,Technology - Apps - Grocery,Health & Safety
fresh direct near me,170,1300,1300,0%,Technology - Apps - Grocery,Health & Safety
fresh direct produce,110,260,260,0%,Technology - Apps - Grocery,Health & Safety
fresh direct reviews,880,4400,4400,0%,Technology - Apps - Grocery,Health & Safety
freshdirect,33100,165000,165000,0%,Technology - Apps - Grocery,Health & Safety
freshdirect grocery delivery,20,480,480,0%,Technology - Apps - Grocery - Delivery,Health & Safety
freshdirect reviews,880,4400,4400,0%,Technology - Apps - Grocery,Health & Safety
fun apps to play,880,1300,1300,0%,Technology - Apps - Multiplayer Games,Entertainment
get wine app,10,10,10,0%,Technology - Apps,Health & Safety
good movies on amazon prime free,6600,8100,8100,0%,Technology - Apps - Movies- Free - Amazon,Entertainment
grocery store app,590,1300,1300,0%,Technology - Apps - Grocery,Health & Safety
hd video call,110,210,210,0%,Technology - Apps - Chat - Video,Health & Safety
headspace,110000,201000,201000,0%,Technology - Apps - Mental Health,Health & Safety
healthy cookbook app,10,10,10,0%,Technology - Apps - Cooking - Books,Health & Safety
high tech home office,90,320,320,0%,Technology - Remote Work - Office,Health & Safety
home and office solutions,10,10,10,0%,Technology - Remote Work - Office,Health & Safety
home delivery app,90,390,390,0%,Technology - Apps - Delivery,Health & Safety
home delivery apps,90,390,390,0%,Technology - Apps - Delivery,Health & Safety
home office 3 monitors,10,40,40,0%,Technology - Remote Work - Office,Health & Safety
home office computer setup,140,390,390,0%,Technology - Remote Work - Office,Health & Safety
home office decor,22200,33100,33100,0%,Technology - Remote Work - Office,Health & Safety
home office decor accessories,10,10,10,0%,Technology - Remote Work - Office,Health & Safety
home office desk multiple monitors,20,50,50,0%,Technology - Remote Work - Office,Health & Safety
home office desk top,20,40,40,0%,Technology - Remote Work - Office,Health & Safety
home office desktop organization,90,110,110,0%,Technology - Remote Work - Office,Health & Safety
home office equipment,140,880,880,0%,Technology - Remote Work - Office,Health & Safety
home office high tech,10,20,20,0%,Technology - Remote Work - Office,Health & Safety
home office investment,20,20,20,0%,Technology - Remote Work - Office,Health & Safety
home office monitor reviews,10,30,30,0%,Technology - Remote Work - Monitors - Office,Health & Safety
home office phone,320,880,880,0%,Technology - Remote Work - Office,Health & Safety
home office workstation,320,720,720,0%,Technology - Remote Work - Office,Health & Safety
house party free,480,1300,1300,0%,Technology - Apps - Chat - Video,Entertainment
house party unblocked,170,590,590,0%,Technology - Apps - Chat - Video,Entertainment
houseparty group video chat app,10,10,10,0%,Technology - Apps - Chat - Video,Communication
how can i facetime on my android,20,40,40,0%,Technology - Apps - Chat - Video,Health & Safety
how do i apply to instacart,10,40,40,0%,Technology - Apps - Question,Health & Safety
how do i cancel a subscription to an app,50,40,40,0%,Technology - Subscriptions - Cancel - Question,Financial Hardship
how do i cancel my which subscription,10,10,10,0%,Technology - Subscriptions - Cancel - Question,Financial Hardship
how does freshdirect work,140,880,880,0%,Technology - Apps - Grocery - Question,Health & Safety
how does postmates app work,10,20,20,0%,Technology - Apps - Question,Health & Safety
how many germs are on my cell phone,10,10,10,0%,Technology - Mobile Devices - Question,Health & Safety
how to cancel amazon prime free trial,1900,1600,1600,0%,Technology - Apps - Free - Amazon - Question,Financial Hardship
how to cancel an espn subscription,20,20,20,0%,Technology - Subscriptions - Cancel - Question,Financial Hardship
how to cancel apple music,40500,40500,40500,0%,Technology - Subscriptions - Cancel - Question,Financial Hardship
how to cancel music subscription,40,70,70,0%,Technology - Subscriptions - Cancel - Question,Financial Hardship
how to cancel my music subscription,10,10,10,0%,Technology - Subscriptions - Cancel - Question,Financial Hardship
how to cancel paypal subscription,1600,1900,1900,0%,Technology - Subscriptions - Cancel - Question,Financial Hardship
how to cancel spotify,6600,8100,8100,0%,Technology - Subscriptions - Cancel - Question,Financial Hardship
how to cancel spotify premium,22200,27100,27100,0%,Technology - Subscriptions - Cancel - Question,Financial Hardship
how to facetime on samsung,390,1000,1000,0%,Technology - Apps - Chat - Video,Health & Safety
how to get germs off ipad,10,10,10,0%,Technology - Mobile Devices - Question,Health & Safety
how to set up an office at home,10,50,50,0%,Technology - Remote Work - Office - Question,Health & Safety
instacart free delivery,5400,22200,22200,0%,Technology - Apps - Grocery - Delivery,Health & Safety
ios recipes,10,10,10,0%,Technology - Apps - Cooking - Recipe,Health & Safety
ipad recipe book app,10,10,10,0%,Technology - Apps - Cooking - Books - Recipe,Health & Safety
is there a recipe app,10,10,10,0%,Technology - Apps - Cooking - Recipe,Health & Safety
it home office setup,10,20,20,0%,Technology - Remote Work - Office,Health & Safety
justalk,1300,3600,3600,0%,Technology - Apps - Chat - Video,Health & Safety
justalk android,10,20,20,0%,Technology - Apps - Chat - Video,Health & Safety
justalk free video call & chat,10,20,20,0%,Technology - Apps - Chat - Video,Health & Safety
large home office table,10,10,10,0%,Technology - Remote Work - Office,Health & Safety
lg facetime,40,90,90,0%,Technology - Apps - Chat - Video,Health & Safety
list of food delivery apps,40,50,50,0%,Technology - Apps - Delivery - Food,Health & Safety
make a facetime,20,30,30,0%,Technology - Apps - Chat - Video,Health & Safety
meal delivery apps,320,480,480,0%,Technology - Apps - Delivery,Health & Safety
meal recipe app,10,10,10,0%,Technology - Apps - Cooking - Recipe,Health & Safety
meditation apps,22200,33100,33100,0%,Technology - Apps - Mental Health,Health & Safety
mobile delivery app,70,110,110,0%,Technology - Apps - Delivery,Health & Safety
multiplayer apps,720,3600,3600,0%,Technology - Apps - Multiplayer Games,Entertainment
new food delivery app,90,90,90,0%,Technology - Apps - Delivery - Food,Health & Safety
office accessories ideas,10,10,10,0%,Technology - Remote Work - Office,Health & Safety
online poker,27100,74000,74000,0%,Technology - Apps - Poker,Entertainment
online recipe book app,10,10,10,0%,Technology - Apps - Cooking - Books - Recipe,Health & Safety
party app download,10,10,10,0%,Technology - Apps - Chat - Video,Entertainment
paypal cancel subscription,1900,2900,2900,0%,Technology - Subscriptions - Cancel,Financial Hardship
phones with headsets for a home office,70,210,210,0%,Technology - Remote Work,Communication
pickup and delivery app,140,140,140,0%,Technology - Apps - Delivery,Health & Safety
poker online,9900,18100,18100,0%,Technology - Apps - Poker,Entertainment
poker online free,18100,33100,33100,0%,Technology - Apps - Poker,Entertainment
poker online with friends,880,49500,49500,0%,Technology - Apps - Poker,Entertainment
postmates delivery app,260,480,480,0%,Technology - Apps - Delivery,Health & Safety
productive home office layout,20,10,10,0%,Technology - Remote Work - Office,Health & Safety
recipe app download,10,10,10,0%,Technology - Apps - Cooking - Recipe,Health & Safety
relaxation apps,1600,2400,2400,0%,Technology - Apps - Mental Health,Health & Safety
remote sharing tools,10,10,10,0%,Technology - Remote Work - Tools,Health & Safety
remote work trends,210,320,320,0%,Technology - Remote Work,Communication
roku apps free,2400,2900,2900,0%,Technology - Apps - Free,Entertainment
roku tv apps free,1300,1300,1300,0%,Technology - Apps - Free - TV,Entertainment
simple video call,10,50,50,0%,Technology - Apps - Chat - Video,Health & Safety
skype video call app,90,320,320,0%,Technology - Apps - Chat - Video,Health & Safety
smart home office designs,10,10,10,0%,Technology - Remote Work - Office,Health & Safety
stand up desks for home office,210,880,880,0%,Technology - Remote Work - Office,Health & Safety
takeout app,260,720,720,0%,Technology - Apps,Health & Safety
talk video call,30,30,30,0%,Technology - Apps - Chat - Video,Health & Safety
the best food delivery app,260,320,320,0%,Technology - Apps - Delivery - Food,Health & Safety
three card poker online free,320,210,210,0%,Technology - Apps - Poker,Entertainment
top drinking game apps,10,20,20,0%,Technology - Apps - Alcohol - Bartending,Entertainment
top food recipe apps,10,10,10,0%,Technology - Apps - Cooking - Recipe - Food,Health & Safety
top free workout apps,320,480,480,0%,Technology - Apps - Free - Workout,Health & Safety
top rated recipe apps,10,10,10,0%,Technology - Apps - Cooking - Recipe,Health & Safety
traditional home office decorating ideas,10,20,20,0%,Technology - Remote Work - Office,Health & Safety
two player app games,590,1900,1900,0%,Technology - Apps - Multiplayer Games,Entertainment
two player apps,210,590,590,0%,Technology - Apps - Multiplayer Games,Entertainment
vegetarian recipe app android,10,10,10,0%,Technology - Apps - Cooking - Recipe,Health & Safety
video call apk,20,20,20,0%,Technology - Apps - Chat - Video,Health & Safety
video call app download,110,210,210,0%,Technology - Apps - Chat - Video,Health & Safety
video call chat,480,720,720,0%,Technology - Apps - Chat - Video,Health & Safety
video call website,390,880,880,0%,Technology - Apps - Chat - Video,Health & Safety
video chat,74000,110000,110000,0%,Technology - Video - Chat,Entertainment
video chat app,18100,74000,74000,0%,Technology - Apps - Video - Chat,Entertainment
video chat facebook messenger,390,4400,4400,0%,Technology - Apps - Chat - Video,Health & Safety
video chat karaoke,10,260,260,0%,Technology - Apps - Chat - Video,Health & Safety
video poker online,1600,2900,2900,0%,Technology - Apps - Poker - Video,Entertainment
virtual coffee date,30,590,590,0%,Technology - Dating,Health & Safety
virtual drinking app,10,70,70,0%,Technology - Apps - Alcohol - Bartending,Entertainment
what is the android equivalent of facetime,30,210,210,0%,Technology - Apps - Chat - Video,Health & Safety
what to put on your desk at home,10,10,10,0%,Technology - Remote Work - Office - Question,Health & Safety
which is the fastest delivery app,10,10,10,0%,Technology - Apps - Delivery,Health & Safety
work from home accessories,70,2400,2400,0%,Technology - Remote Work,Communication
work from home decor,10,140,140,0%,Technology - Remote Work,Communication
work from home office ideas,140,590,590,0%,Technology - Remote Work - Office,Health & Safety
work from home phone and headset,20,110,110,0%,Technology - Mobile Devices - Phone - Headset,Communication
work from home qualifications,10,10,10,0%,Technology - Remote Work,Communication
work office home office,10,10,10,0%,Technology - Remote Work - Office,Communication
workout tracker app free,320,260,260,0%,Technology - Apps - Free - Workout,Health & Safety
food service delivery apps,590,1000,880,-12%,Technology - Apps - Delivery - Food,Health & Safety
home office computer,390,1000,880,-12%,Technology - Remote Work - Office,Health & Safety
house party facetime,110,1000,880,-12%,Technology - Apps - Chat - Video,Entertainment
houseparty facetime,110,1000,880,-12%,Technology - Apps - Chat - Video,Entertainment
iphone video chat,390,1000,880,-12%,Technology - Apps - Chat - Video,Health & Safety
samsung video chat,260,1000,880,-12%,Technology - Apps - Chat - Video,Health & Safety
video chat options,50,1000,880,-12%,Technology - Apps - Chat - Video,Health & Safety
best board game apps,720,1900,1600,-16%,Technology - Apps - Multiplayer Games,Entertainment
video calling software,880,1900,1600,-16%,Technology - Apps - Chat - Video,Health & Safety
best computer for working from home,590,2900,2400,-17%,Technology - Remote Work,Communication
3 way video chat facebook messenger,30,170,140,-18%,Technology - Apps - Chat - Video,Health & Safety
best office desk accessories,210,170,140,-18%,Technology - Remote Work - Office,Health & Safety
food delivery app free delivery,40,170,140,-18%,Technology - Apps - Delivery - Food,Health & Safety
free apple apps today,110,170,140,-18%,Technology - Apps - Free,Health & Safety
online food delivery apps,90,170,140,-18%,Technology - Apps - Delivery - Food,Health & Safety
cancel and manage subscription,70,390,320,-18%,Technology - Subscriptions - Cancel,Financial Hardship
online multiplayer apps,110,390,320,-18%,Technology - Apps - Multiplayer Games,Entertainment
best home office furniture,260,720,590,-18%,Technology - Remote Work - Office,Health & Safety
cancel espn plus subscription,480,720,590,-18%,Technology - Subscriptions - Cancel,Financial Hardship
grocery delivery service app,210,720,590,-18%,Technology - Apps - Grocery - Delivery,Health & Safety
home office desk and chair,110,720,590,-18%,Technology - Remote Work - Office,Health & Safety
video chat in discord,30,720,590,-18%,Technology - Apps - Chat - Video,Health & Safety
free meditation apps,14800,27100,22200,-18%,Technology - Apps - Mental Health,Health & Safety
free video chat,22200,27100,22200,-18%,Technology - Apps - Video - Chat - Free,Entertainment
app that goes to the store for you,70,110,90,-18%,Technology - Apps,Health & Safety
best laptop for working from home,1600,9900,8100,-18%,Technology - Remote Work - Laptop,Communication
best monitor for home office,720,6600,5400,-18%,Technology - Remote Work - Monitors - Office,Health & Safety
cancel sirius,2900,4400,3600,-18%,0,0
decorate my home office,30,110,90,-18%,Technology - Remote Work - Office,Health & Safety
facetime for android,27100,165000,135000,-18%,Technology - Apps - Chat - Video,Health & Safety
food app nyc,170,110,90,-18%,Technology - Apps - Food,Health & Safety
free streaming apps,4400,6600,5400,-18%,Technology - Apps - Free,Entertainment
home office essentials,590,4400,3600,-18%,Technology - Remote Work - Office,Health & Safety
item delivery app,110,110,90,-18%,Technology - Apps - Delivery,Health & Safety
multiplayer app games,590,4400,3600,-18%,Technology - Apps - Multiplayer Games,Entertainment
phone soap spray,20,110,90,-18%,Technology - Mobile Devices,Health & Safety
skype video call download,40,110,90,-18%,Technology - Apps - Chat - Video,Health & Safety
the best free meditation apps,70,110,90,-18%,Technology - Apps - Mental Health,Health & Safety
video call android to iphone,1300,4400,3600,-18%,Technology - Apps - Chat - Video,Health & Safety
apps to play with friends,1900,14800,12100,-18%,Technology - Apps - Multiplayer Games,Entertainment
fresh direct,110000,673000,550000,-18%,Technology - Apps - Grocery,Health & Safety
app games to play with friends,2900,22200,18100,-18%,Technology - Apps - Multiplayer Games,Entertainment
best app games to play with friends,480,5400,4400,-19%,Technology - Apps - Multiplayer Games,Entertainment
facetime for android to iphone,1900,8100,6600,-19%,Technology - Apps - Chat - Video,Health & Safety
free reading apps,2900,8100,6600,-19%,Technology - Apps - Free,Entertainment
google video call,1900,8100,6600,-19%,Technology - Apps - Chat - Video,Health & Safety
work from home essentials,170,8100,6600,-19%,Technology - Remote Work,Communication
apps like facetime for android,110,590,480,-19%,Technology - Apps - Chat - Video,Health & Safety
grocery shopping delivery app,140,590,480,-19%,Technology - Apps - Delivery - Grocery,Health & Safety
home office necessities,110,590,480,-19%,Technology - Remote Work - Office,Health & Safety
android version of facetime,260,1600,1300,-19%,Technology - Apps - Chat - Video,Health & Safety
best computer monitor for home office,170,1600,1300,-19%,Technology - Remote Work - Office,Health & Safety
best computer monitors for home office,170,1600,1300,-19%,Technology - Remote Work - Monitors - Office,Health & Safety
best free mindfulness apps,390,480,390,-19%,Technology - Apps - Mental Health,Health & Safety
best free movie apps for roku,260,320,260,-19%,Technology - Apps - Movies - Free,Entertainment
best multiplayer apps,390,1600,1300,-19%,Technology - Apps - Multiplayer Games,Entertainment
best office headset,720,1600,1300,-19%,Technology - Remote Work - Headset,Communication
best technology for working remotely,30,480,390,-19%,Technology - Remote Work,Communication
cancel espn subscription,1600,1600,1300,-19%,Technology - Subscriptions - Cancel,Financial Hardship
cancel espn+ subscription,1600,1600,1300,-19%,Technology - Subscriptions - Cancel,Financial Hardship
free facetime app for android,40,320,260,-19%,Technology - Apps - Chat - Video,Health & Safety
grocery store delivery app,480,1600,1300,-19%,Technology - Apps - Grocery - Delivery,Health & Safety
headspace app free,320,1600,1300,-19%,Technology - Apps - Mental Health,Health & Safety
how do i facetime on my android,20,320,260,-19%,Technology - Apps - Chat - Video,Health & Safety
video chat microsoft teams,10,480,390,-19%,Technology - Apps - Chat - Video,Health & Safety
where does freshdirect deliver,90,1600,1300,-19%,Technology - Apps - Grocery - Delivery,Health & Safety
wireless headset for home phone,110,320,260,-19%,Technology - Remote Work,Communication
food delivery app new york,170,210,170,-19%,Technology - Apps - Delivery - Food,Health & Safety
online video calling app,90,210,170,-19%,Technology - Apps - Chat - Video,Health & Safety
video chat app download,90,210,170,-19%,Technology - Apps - Chat - Video,Communication
wifi video calling,70,210,170,-19%,Technology - Apps - Chat - Video,Health & Safety
best free apps for anxiety,210,260,210,-19%,Technology - Apps - Mental Health,Health & Safety
good facetime apps,70,260,210,-19%,Technology - Apps - Chat - Video,Health & Safety
home office multiple monitors,90,260,210,-19%,Technology - Remote Work - Monitors - Office,Health & Safety
how to cancel espn+ subscription,320,260,210,-19%,Technology - Subscriptions - Cancel - Question,Financial Hardship
video chat in microsoft teams,10,260,210,-19%,Technology - Apps - Chat - Video,Health & Safety
video chat with discord,10,260,210,-19%,Technology - Apps - Chat - Video,Health & Safety
best apps to play with friends,480,3600,2900,-19%,Technology - Apps - Multiplayer Games,Entertainment
free video call app,880,3600,2900,-19%,Technology - Apps - Chat - Video,Health & Safety
is skype video call free,480,3600,2900,-19%,Technology - Apps - Chat - Video,Health & Safety
video chat discord,210,3600,2900,-19%,Technology - Apps - Chat - Video,Health & Safety
app that will deliver anything,40,50,40,-20%,Technology - Apps - Delivery,Health & Safety
creative home workspaces,10,50,40,-20%,Technology - Remote Work,Communication
dual monitor setup home office,10,50,40,-20%,Technology - Remote Work - Monitors - Office,Health & Safety
home office two monitors,20,50,40,-20%,Technology - Remote Work - Headset - Office,Health & Safety
cancel xm radio,1900,2400,1900,-21%,0,0
free ios apps,1900,2400,1900,-21%,Technology - Apps - Free,Entertainment
fresh direct coupon code,260,2400,1900,-21%,Technology - Apps - Grocery,Health & Safety
video chat on tv,320,2400,1900,-21%,Technology - Apps - Chat - Video,Health & Safety
work from home office setup,320,2400,1900,-21%,Technology - Remote Work - Office,Communication
eating delivery apps,70,140,110,-21%,Technology - Apps - Delivery,Health & Safety
home office arrangement,70,140,110,-21%,Technology - Remote Work - Office,Health & Safety
video chat tools,20,140,110,-21%,Technology - Apps - Chat - Video,Health & Safety
best food delivery app near me,70,90,70,-22%,Technology - Apps - Delivery - Food,Health & Safety
facetime android free download,20,90,70,-22%,Technology - Apps - Chat - Video,Health & Safety
best home office computer,720,1300,1000,-23%,Technology - Remote Work - Office,Health & Safety
grocery ordering app,390,1300,1000,-23%,Technology - Apps - Grocery - Ordering,Health & Safety
how to set up a home office,320,1300,1000,-23%,Technology - Remote Work - Office - Question,Health & Safety
best food delivery app for my area,20,40,30,-25%,Technology - Apps - Delivery - Food,Health & Safety
games over snapchat,20,40,30,-25%,Technology - Apps - Chat,Communication
is there an android app compatible with facetime,10,40,30,-25%,Technology - Apps - Chat - Video,Health & Safety
just talk download,20,40,30,-25%,Technology - Apps - Chat - Video,Health & Safety
store delivery app,590,1000,720,-28%,Technology - Apps - Grocery - Delivery,Health & Safety
cancel and manage subscriptions,20,70,50,-29%,Technology - Subscriptions - Cancel,Financial Hardship
home office monitor,260,1900,1300,-32%,Technology - Remote Work - Monitors - Office,Health & Safety
best video call,170,1300,880,-32%,Technology - Apps - Chat - Video,Health & Safety
video chat zoom,2400,33100,22200,-33%,Technology - Apps - Chat - Video,Health & Safety
best home monitor,140,880,590,-33%,Technology - Remote Work - Monitors,Health & Safety
oovoo video call,210,880,590,-33%,Technology - Apps - Chat - Video,Health & Safety
work from home setup,320,12100,8100,-33%,Technology - Remote Work,Communication
facetime video call,2400,18100,12100,-33%,Technology - Apps - Chat - Video,Health & Safety
app that will bring you anything,20,30,20,-33%,Technology - Apps,Health & Safety
bartender apps for iphone,20,30,20,-33%,Technology - Apps - Bartending,Health & Safety
best headset for work from home,210,5400,3600,-33%,Technology - Remote Work,Communication
best headset for working from home,210,5400,3600,-33%,Technology - Remote Work,Communication
drizly alcohol app,10,30,20,-33%,Technology - Apps - Alcohol,Health & Safety
dual monitors at home,10,30,20,-33%,Technology - Remote Work - Monitors,Health & Safety
facetime for tablet free download,10,30,20,-33%,Technology - Apps - Chat - Video,Health & Safety
free news apps,1900,3600,2400,-33%,Technology - Apps - Free,Entertainment
fresh direct delivery,1300,8100,5400,-33%,Technology - Apps - Grocery - Delivery,Health & Safety
freshdirect nyc,320,2400,1600,-33%,Technology - Apps - Grocery,Health & Safety
home office desk for dual monitors,90,480,320,-33%,Technology - Remote Work - Office,Health & Safety
home office his and hers,10,30,20,-33%,Technology - Remote Work - Office,Health & Safety
home office monitor setup,110,480,320,-33%,Technology - Remote Work - Monitors - Office,Health & Safety
how to cancel an espn plus subscription,30,30,20,-33%,Technology - Subscriptions - Cancel - Question,Financial Hardship
how to get remote wifi,10,30,20,-33%,Technology - Mobile Devices - Question,Health & Safety
list of delivery apps,20,30,20,-33%,Technology - Apps - Delivery,Health & Safety
skype free video call app download,10,30,20,-33%,Technology - Apps - Chat - Video,Health & Safety
work at home companies that provide equipment,30,30,20,-33%,Technology - Remote Work,Communication
house party snapchat,390,590,390,-34%,Technology - Apps - Chat,Communication
how to cancel espn plus subscription,320,590,390,-34%,Technology - Subscriptions - Cancel - Question,Financial Hardship
video chat android to apple,90,590,390,-34%,Technology - Apps - Chat - Video,Health & Safety
best free ringtone app for android,260,320,210,-34%,Technology - Apps - Free,Health & Safety
work from home productivity tools,20,320,210,-34%,Technology - Remote Work,Communication
espn plus subscription cancel,210,260,170,-35%,Technology - Subscriptions - Cancel,Financial Hardship
free facetime app for android phone,10,170,110,-35%,Technology - Apps - Chat - Video,Health & Safety
free workout routine app,210,170,110,-35%,Technology - Apps - Free - Workout,Health & Safety
games to play in video call,10,170,110,-35%,Technology - Apps - Chat - Video,Entertainment
app to bring you food,110,110,70,-36%,Technology - Apps - Food,Health & Safety
apps that bring you food,110,110,70,-36%,Technology - Apps - Food,Health & Safety
best monitor for home use,20,110,70,-36%,Technology - Remote Work - Monitors,Health & Safety
espn+ subscription cancel,50,110,70,-36%,Technology - Subscriptions - Cancel,Financial Hardship
facetime app for samsung galaxy,70,110,70,-36%,Technology - Apps - Chat - Video,Health & Safety
video chat hangout app,10,110,70,-36%,Technology - Apps - Chat - Video,Health & Safety
video chat random ios,90,110,70,-36%,Technology - Apps - Chat - Video,Health & Safety
are facetime calls free,140,1600,1000,-38%,Technology - Apps - Chat - Video,Health & Safety
food delivery apps near me,1300,1600,1000,-38%,Technology - Apps - Delivery - Food,Health & Safety
app that delivers anything you want,70,50,30,-40%,Technology - Apps - Delivery,Health & Safety
food delivery app for restaurants,10,50,30,-40%,Technology - Apps - Delivery - Food,Health & Safety
galaxy facetime app,20,70,40,-43%,Technology - Apps - Chat - Video,Health & Safety
how much germs are on your phone,10,70,40,-43%,Technology - Mobile Devices - Question,Health & Safety
fresh direct code,260,1300,720,-45%,Technology - Apps - Grocery,Health & Safety
best work from home monitor,40,1600,880,-45%,Technology - Remote Work - Monitors,Communication
group video chat,720,14800,8100,-45%,Technology - Apps - Chat - Video,Entertainment
video chat for groups,720,14800,8100,-45%,Technology - Apps - Chat - Video,Health & Safety
best guided meditation,8100,6600,3600,-45%,Technology - Apps - Mental Health,Health & Safety
free facetime video call,50,880,480,-45%,Technology - Apps - Chat - Video,Health & Safety
freshdirect new york,210,880,480,-45%,Technology - Apps - Grocery,Health & Safety
group video app,20,880,480,-45%,Technology - Apps - Chat - Video,Entertainment
is there a facetime app for android,210,880,480,-45%,Technology - Apps - Chat - Video,Health & Safety
video chat multiple people,110,6600,3600,-45%,Technology - Apps - Chat - Video,Health & Safety
video chat with multiple people,110,6600,3600,-45%,Technology - Apps - Chat - Video,Communication
what do i need to work from home,50,720,390,-46%,Technology - Remote Work - Question,Communication
best home computer monitor,50,390,210,-46%,Technology - Remote Work - Monitors,Health & Safety
fresh direct coupon,1000,5400,2900,-46%,Technology - Apps - Grocery,Health & Safety
phone cleaners,1000,5400,2900,-46%,Technology - Mobile Devices,Health & Safety
video chat meme,210,5400,2900,-46%,Technology - Apps - Chat - Video,Health & Safety
video chat slack,480,5400,2900,-46%,Technology - Apps - Chat - Video,Health & Safety
how do i cancel my espn plus subscription,170,320,170,-47%,Technology - Subscriptions - Cancel - Question,Financial Hardship
need to work from home,70,170,90,-47%,Technology - Remote Work,Communication
fresh grocery delivery service,30,210,110,-48%,Technology - Apps - Grocery - Delivery,Health & Safety
work from home laptop requirements,70,210,110,-48%,Technology - Remote Work - Laptop,Communication
app for facetime on samsung,30,20,10,-50%,Technology - Apps - Chat - Video,Health & Safety
app that lets you order groceries,10,20,10,-50%,Technology - Apps - Ordering - Grocery,Health & Safety
best home office storage,20,20,10,-50%,Technology - Remote Work - Office,Health & Safety
cancel espn subscription on roku,10,20,10,-50%,Technology - Subscriptions - Cancel,Financial Hardship
desk for home office ideas,40,40,20,-50%,Technology - Remote Work - Office,Health & Safety
drinks free app,20,20,10,-50%,Technology - Apps - Alcohol - Bartending,Entertainment
friendcaller,10,20,10,-50%,Technology - Apps - Chat - Video,Health & Safety
group video chat ios,10,20,10,-50%,Technology - Apps - Chat - Video,Communication
i need to work from home what can i do,20,40,20,-50%,Technology - Remote Work - Question,Communication
justalk video call,10,20,10,-50%,Technology - Apps - Chat - Video,Health & Safety
learn to bartend app,20,20,10,-50%,Technology - Apps - Bartending,Health & Safety
offline video call,10,20,10,-50%,Technology - Apps - Chat - Video,Health & Safety
quick video call,10,20,10,-50%,Technology - Apps - Chat - Video,Health & Safety
recipe app based on what you have,10,20,10,-50%,Technology - Apps - Cooking - Recipe - Question,Health & Safety
shop and delivery app,10,40,20,-50%,Technology - Apps - Grocery - Delivery,Health & Safety
video chat conference app,20,140,70,-50%,Technology - Apps - Chat - Video,Health & Safety
what apps deliver food in my area,10,40,20,-50%,Technology - Apps - Delivery - Food - Question,Health & Safety
what is the food delivery app,10,20,10,-50%,Technology - Apps - Delivery - Food - Question,Health & Safety
work from home on your computer,70,110,50,-55%,Technology - Remote Work,Communication
group video call,590,18100,8100,-55%,Technology - Apps - Chat - Video,Health & Safety
skype video call,2900,18100,8100,-55%,Technology - Apps - Chat - Video,Health & Safety
video chat google hangouts,1900,74000,33100,-55%,Technology - Apps - Chat - Video,Health & Safety
video chat with google hangouts,1900,74000,33100,-55%,Technology - Apps - Chat - Video,Health & Safety
how many germs are on your phone,320,880,390,-56%,Technology - Mobile Devices - Question,Health & Safety
best bluetooth headset for working from home,10,320,140,-56%,Technology - Remote Work,Communication
how do you cancel an app subscription,390,480,210,-56%,Technology - Subscriptions - Cancel - Question,Financial Hardship
work from home internet speed requirements,50,390,170,-56%,Technology - Remote Work - Internet Speed,Communication
best monitor for working from home,320,4400,1900,-57%,Technology - Remote Work - Monitors,Communication
can i use clorox wipes on my cell phone,20,210,90,-57%,Technology - Mobile Devices,Health & Safety
dating virtual,10,70,30,-57%,Technology - Dating,Health & Safety
is there facetime app for android,10,70,30,-57%,Technology - Apps - Chat - Video,Health & Safety
requirements to work from home,20,70,30,-57%,Technology - Remote Work,Communication
free gym workout apps,390,260,110,-58%,Technology - Apps - Free - Workout,Health & Safety
facetime for android tablet free download,10,50,20,-60%,Technology - Apps - Chat - Video,Health & Safety
how much germs does your phone have,10,50,20,-60%,Technology - Mobile Devices - Question,Health & Safety
group video chat app,590,18100,6600,-64%,Technology - Apps - Chat - Video,Entertainment
video chat group app,590,18100,6600,-64%,Technology - Apps - Chat - Video,Health & Safety
internet speed needed to work from home,10,110,40,-64%,Technology - Remote Work - Internet Speed,Communication
can you clean your phone with hand sanitizer,50,390,140,-64%,Technology - Mobile Devices,Health & Safety
home office headset reviews,10,30,10,-67%,Technology - Remote Work - Office,Health & Safety
how to clean ipad screen germs,10,30,10,-67%,Technology - Mobile Devices - Question,Health & Safety
offline video chat,10,30,10,-67%,Technology - Apps - Chat - Video,Health & Safety
germs on phone,480,2400,720,-70%,Technology - Mobile Devices,Health & Safety
how to set up home office space,30,170,50,-71%,Technology - Remote Work - OfficeQuestion,Health & Safety
cleaning phone with hand sanitizer,30,480,140,-71%,Technology - Mobile Devices,Health & Safety
how to set up work from home,10,480,140,-71%,Technology - Remote Work - Question,Communication
best free facetime app for android,10,70,20,-71%,Technology - Apps - Chat - Video,Health & Safety
drinking game app iphone,90,70,20,-71%,Technology - Apps - Alcohol - Bartending,Entertainment
facetime group call app,10,140,40,-71%,Technology - Apps - Chat - Video,Health & Safety
video call multiple person app,10,40,10,-75%,Technology - Apps - Chat - Video,Entertainment
germs on cell phones,720,2900,720,-75%,Technology - Mobile Devices,Health & Safety
espn plus cancel subscription,390,1300,320,-75%,Technology - Subscriptions - Cancel,Financial Hardship
free game apps for kids,1900,5400,1300,-76%,Technology - Apps - Free,Entertainment
best free gym workout apps,390,210,50,-76%,Technology - Apps - Free - Workout,Health & Safety
can you clean your phone with clorox wipes,50,720,170,-76%,Technology - Mobile Devices,Health & Safety
lysol wipes on phone,90,1000,210,-79%,Technology - Mobile Devices,Health & Safety
zoom video chat app download,30,1000,210,-79%,Technology - Apps - Chat - Video,Health & Safety
android food apps free,10,50,10,-80%,Technology - Apps - Cooking - Food,Health & Safety
best recipe book app android,10,50,10,-80%,Technology - Apps - Cooking - Books - Recipe,Health & Safety
is there a facetime for samsung,10,50,10,-80%,Technology - Apps - Chat - Video,Health & Safety
restaurant delivery apps,320,3600,720,-80%,Technology - Apps - Delivery,Health & Safety
how many germs are on a cell phone,90,260,50,-81%,Technology - Mobile Devices - Question,Health & Safety
how to clean your phone screen from germs,10,110,20,-82%,Technology - Mobile Devices - Question,Health & Safety
lysol wipes on iphone,10,320,50,-84%,Technology - Mobile Devices,Health & Safety
can you use clorox wipes on cell phones,30,260,40,-85%,Technology - Mobile Devices,Health & Safety
group video chat app iphone,10,90,10,-89%,Technology - Apps - Chat - Video,Communication
are lysol wipes safe for phone screens,10,320,30,-91%,Technology - Mobile Devices,Health & Safety
how to clean your phone from germs,70,1600,140,-91%,Technology - Mobile Devices - Question,Health & Safety
what's the best video chat app,50,260,10,-96%,Technology - Apps - Chat - Video,Health & Safety
best free gym workout app iphone,10,10,0,-100%,Technology - Apps - Free - Workout,Health & Safety
best laptop for small home business,10,10,0,-100%,Technology - Remote Work - Laptop,Health & Safety
cookbook ipad app,10,10,0,-100%,Technology - Apps - Cooking - Books,Health & Safety
ipad recipe app reviews,10,10,0,-100%,Technology - Apps - Cooking - Recipe,Health & Safety
justlo app,20,70,0,-100%,Technology - Apps - Chat - Video,Health & Safety